0,D1,J-1,O-1-1,Working Started,A
0,B3,J-2,O-2-1,Working Started,E
4,E3,J-3,O-3-1,Working Started,B
4,C4,J-4,O-4-1,Working Started,A
16,D3,J-5,O-5-1,Working Started,A
33,B3,J-2,O-2-1,Working Finished,E
33,B3,J-2,O-2-2,Working Started,A
37,Source,J-6,,Ship Launched,
37,,J-6,,Ship Moved,
37,D2,J-6,O-6-1,Working Started,E
42,Source,J-7,,Ship Launched,
42,,J-7,,Ship Moved,
42,A2,J-7,O-7-1,Working Started,E
53,Source,J-8,,Ship Launched,
53,,J-8,,Ship Moved,
53,E4,J-8,O-8-1,Working Started,D
55,D1,J-1,O-1-1,Working Finished,A
55,,J-1,,Ship Moved,
55,S,J-1,O-1-2,Working Started,
55,Source,J-9,,Ship Launched,
55,,J-9,,Ship Moved,
55,D4,J-9,O-9-1,Working Started,A
62,Source,J-10,,Ship Launched,
62,,J-10,,Ship Moved,
62,E7,J-10,O-10-1,Working Started,D
63,Source,J-11,,Ship Launched,
63,,J-11,,Ship Moved,
63,C3,J-11,O-11-1,Working Started,A
64,D3,J-5,O-5-1,Working Finished,A
64,,J-5,,Ship Moved,
64,S,J-5,O-5-2,Working Started,
64,Source,J-13,,Ship Launched,
64,,J-13,,Ship Moved,
64,C1,J-13,O-13-1,Working Started,A
64,Source,J-12,,Ship Launched,
64,,J-12,,Ship Moved,
64,C2,J-12,O-12-1,Working Started,D
67,B3,J-2,O-2-2,Working Finished,A
67,,J-2,,Ship Moved,
67,S,J-2,O-2-3,Working Started,
73,Source,J-14,,Ship Launched,
73,,J-14,,Ship Moved,
73,A3,J-14,O-14-1,Working Started,E
74,S,J-1,O-1-2,Working Finished,
74,Source,J-15,,Ship Launched,
74,,J-15,,Ship Moved,
74,G1,J-15,O-15-1,Working Started,A
74,,J-1,,Ship Moved,
74,A4,J-1,O-1-3,Working Started,A
77,A2,J-7,O-7-1,Working Finished,E
77,A2,J-7,O-7-2,Working Started,A
78,S,J-2,O-2-3,Working Finished,
78,,J-2,,Ship Moved,
78,E2,J-2,O-2-4,Working Started,C
81,D2,J-6,O-6-1,Working Finished,E
81,D2,J-6,O-6-2,Working Started,A
81,S,J-5,O-5-2,Working Finished,
81,,J-5,,Ship Moved,
81,D5,J-5,O-5-3,Working Started,A
88,Source,J-16,,Ship Launched,
88,,J-16,,Ship Moved,
88,E1,J-16,O-16-1,Working Started,C
88,Source,J-17,,Ship Launched,
88,,J-17,,Ship Moved,
88,D1,J-17,O-17-1,Working Started,A
90,Source,J-18,,Ship Launched,
90,,J-18,,Ship Moved,
90,E5,J-18,O-18-1,Working Started,D
95,C4,J-4,O-4-1,Working Finished,A
95,,J-4,,Ship Moved,
95,S,J-4,O-4-2,Working Started,
100,E2,J-2,O-2-4,Working Finished,C
100,Sink,J-2,,Ship Delivered,
100,,J-2,,Ship Moved,
104,D4,J-9,O-9-1,Working Finished,A
104,,J-9,,Ship Moved,
104,S,J-9,O-9-2,Working Started,
104,A4,J-1,O-1-3,Working Finished,A
104,Sink,J-1,,Ship Delivered,
104,,J-1,,Ship Moved,
105,Source,J-19,,Ship Launched,
105,,J-19,,Ship Moved,
105,B1,J-19,O-19-1,Working Started,B
108,C1,J-13,O-13-1,Working Finished,A
108,,J-13,,Ship Moved,
108,S,J-13,O-13-2,Working Started,
108,D5,J-5,O-5-3,Working Finished,A
108,Sink,J-5,,Ship Delivered,
108,,J-5,,Ship Moved,
108,S,J-4,O-4-2,Working Finished,
108,,J-4,,Ship Moved,
108,E8,J-4,O-4-3,Working Started,D
111,S,J-9,O-9-2,Working Finished,
111,,J-9,,Ship Moved,
111,D4,J-9,O-9-3,Working Started,A
114,A2,J-7,O-7-2,Working Finished,A
114,,J-7,,Ship Moved,
114,S,J-7,O-7-3,Working Started,
118,E7,J-10,O-10-1,Working Finished,D
118,,J-10,,Ship Moved,
118,S,J-10,O-10-2,Working Started,
118,A3,J-14,O-14-1,Working Finished,E
118,A3,J-14,O-14-2,Working Started,A
120,C2,J-12,O-12-1,Working Finished,D
120,,J-12,,Ship Moved,
120,S,J-12,O-12-2,Working Started,
120,Source,J-20,,Ship Launched,
120,,J-20,,Ship Moved,
120,A2,J-20,O-20-1,Working Started,A
123,S,J-13,O-13-2,Working Finished,
123,,J-13,,Ship Moved,
123,D3,J-13,O-13-3,Working Started,A
125,S,J-7,O-7-3,Working Finished,
125,Source,J-22,,Ship Launched,
125,,J-22,,Ship Moved,
125,C4,J-22,O-22-1,Working Started,A
125,Source,J-21,,Ship Launched,
125,,J-21,,Ship Moved,
125,D5,J-21,O-21-1,Working Started,A
125,Source,J-23,,Ship Launched,
125,,J-23,,Ship Moved,
125,E7,J-23,O-23-1,Working Started,D
125,,J-7,,Ship Moved,
125,H2,J-7,O-7-4,Working Started,B
126,D2,J-6,O-6-2,Working Finished,A
126,,J-6,,Ship Moved,
126,S,J-6,O-6-3,Working Started,
126,D4,J-9,O-9-3,Working Finished,A
126,Sink,J-9,,Ship Delivered,
126,,J-9,,Ship Moved,
126,S,J-10,O-10-2,Working Finished,
126,,J-10,,Ship Moved,
126,E6,J-10,O-10-3,Working Started,D
128,S,J-12,O-12-2,Working Finished,
128,,J-12,,Ship Moved,
128,C2,J-12,O-12-3,Working Started,D
131,Source,J-24,,Ship Launched,
131,,J-24,,Ship Moved,
131,D4,J-24,O-24-1,Working Started,A
134,E8,J-4,O-4-3,Working Finished,D
134,Sink,J-4,,Ship Delivered,
134,,J-4,,Ship Moved,
140,S,J-6,O-6-3,Working Finished,
140,,J-6,,Ship Moved,
140,C1,J-6,O-6-4,Working Started,A
143,E6,J-10,O-10-3,Working Finished,D
143,Sink,J-10,,Ship Delivered,
143,,J-10,,Ship Moved,
144,C2,J-12,O-12-3,Working Finished,D
144,Sink,J-12,,Ship Delivered,
144,,J-12,,Ship Moved,
148,D3,J-13,O-13-3,Working Finished,A
148,Sink,J-13,,Ship Delivered,
148,,J-13,,Ship Moved,
150,Source,J-25,,Ship Launched,
150,,J-25,,Ship Moved,
150,C2,J-25,O-25-1,Working Started,D
151,E4,J-8,O-8-1,Working Finished,D
151,,J-8,,Ship Moved,
151,S,J-8,O-8-2,Working Started,
151,H2,J-7,O-7-4,Working Finished,B
151,Sink,J-7,,Ship Delivered,
151,,J-7,,Ship Moved,
153,G1,J-15,O-15-1,Working Finished,A
153,G1,J-15,O-15-2,Working Started,A
154,Source,J-26,,Ship Launched,
154,,J-26,,Ship Moved,
154,D2,J-26,O-26-1,Working Started,A
163,E3,J-3,O-3-1,Working Finished,B
163,,J-3,,Ship Moved,
163,S,J-3,O-3-2,Working Started,
164,A3,J-14,O-14-2,Working Finished,A
164,,J-14,,Ship Moved,
164,S,J-14,O-14-3,Working Started,
165,S,J-8,O-8-2,Working Finished,
165,,J-8,,Ship Moved,
165,E3,J-8,O-8-3,Working Started,D
171,E5,J-18,O-18-1,Working Finished,D
171,E5,J-18,O-18-2,Working Started,E
172,C1,J-6,O-6-4,Working Finished,A
172,Sink,J-6,,Ship Delivered,
172,,J-6,,Ship Moved,
172,Source,J-27,,Ship Launched,
172,,J-27,,Ship Moved,
172,E2,J-27,O-27-1,Working Started,D
174,D1,J-17,O-17-1,Working Finished,A
174,,J-17,,Ship Moved,
174,S,J-17,O-17-2,Working Started,
174,G1,J-15,O-15-2,Working Finished,A
174,G1,J-15,O-15-3,Working Started,A
179,S,J-14,O-14-3,Working Finished,
179,,J-14,,Ship Moved,
179,E4,J-14,O-14-4,Working Started,C
184,B1,J-19,O-19-1,Working Finished,B
184,B1,J-19,O-19-2,Working Started,E
185,D4,J-24,O-24-1,Working Finished,A
185,,J-24,,Ship Moved,
185,S,J-24,O-24-2,Working Started,
186,S,J-3,O-3-2,Working Finished,
186,,J-3,,Ship Moved,
186,H2,J-3,O-3-3,Working Started,A
187,Source,J-28,,Ship Launched,
187,,J-28,,Ship Moved,
187,H1,J-28,O-28-1,Working Started,B
193,E3,J-8,O-8-3,Working Finished,D
193,Sink,J-8,,Ship Delivered,
193,,J-8,,Ship Moved,
193,E5,J-18,O-18-2,Working Finished,E
193,E5,J-18,O-18-3,Working Started,D
194,Source,J-30,,Ship Launched,
194,,J-30,,Ship Moved,
194,E3,J-30,O-30-1,Working Started,D
194,Source,J-29,,Ship Launched,
194,,J-29,,Ship Moved,
194,E8,J-29,O-29-1,Working Started,D
201,E7,J-23,O-23-1,Working Finished,D
201,,J-23,,Ship Moved,
201,S,J-23,O-23-2,Working Started,
204,S,J-17,O-17-2,Working Finished,
204,S,J-24,O-24-2,Working Finished,
204,,J-17,,Ship Moved,
204,B2,J-17,O-17-3,Working Started,A
204,,J-24,,Ship Moved,
204,B3,J-24,O-24-3,Working Started,A
205,B1,J-19,O-19-2,Working Finished,E
205,B1,J-19,O-19-3,Working Started,E
206,C2,J-25,O-25-1,Working Finished,D
206,,J-25,,Ship Moved,
206,S,J-25,O-25-2,Working Started,
207,G1,J-15,O-15-3,Working Finished,A
207,G1,J-15,O-15-4,Working Started,A
207,Source,J-31,,Ship Launched,
207,,J-31,,Ship Moved,
207,D1,J-31,O-31-1,Working Started,A
207,Source,J-32,,Ship Launched,
207,,J-32,,Ship Moved,
207,D3,J-32,O-32-1,Working Started,A
209,Source,J-34,,Ship Launched,
209,,J-34,,Ship Moved,
209,E7,J-34,O-34-1,Working Started,D
209,Source,J-33,,Ship Launched,
209,,J-33,,Ship Moved,
209,D4,J-33,O-33-1,Working Started,A
210,E4,J-14,O-14-4,Working Finished,C
210,Sink,J-14,,Ship Delivered,
210,,J-14,,Ship Moved,
211,S,J-23,O-23-2,Working Finished,
211,,J-23,,Ship Moved,
211,E4,J-23,O-23-3,Working Started,D
212,Source,J-35,,Ship Launched,
212,,J-35,,Ship Moved,
212,C2,J-35,O-35-1,Working Started,A
214,S,J-25,O-25-2,Working Finished,
214,,J-25,,Ship Moved,
214,C1,J-25,O-25-3,Working Started,D
219,H2,J-3,O-3-3,Working Finished,A
219,Sink,J-3,,Ship Delivered,
219,,J-3,,Ship Moved,
221,A2,J-20,O-20-1,Working Finished,A
221,A2,J-20,O-20-2,Working Started,E
227,E5,J-18,O-18-3,Working Finished,D
227,E5,J-18,O-18-4,Working Started,E
231,C1,J-25,O-25-3,Working Finished,D
231,Sink,J-25,,Ship Delivered,
231,,J-25,,Ship Moved,
231,Source,J-36,,Ship Launched,
231,,J-36,,Ship Moved,
231,H2,J-36,O-36-1,Working Started,A
234,B3,J-24,O-24-3,Working Finished,A
234,Sink,J-24,,Ship Delivered,
234,,J-24,,Ship Moved,
234,E4,J-23,O-23-3,Working Finished,D
234,Sink,J-23,,Ship Delivered,
234,,J-23,,Ship Moved,
237,Source,J-37,,Ship Launched,
237,,J-37,,Ship Moved,
237,B3,J-37,O-37-1,Working Started,A
238,B1,J-19,O-19-3,Working Finished,E
238,B1,J-19,O-19-4,Working Started,A
242,E8,J-29,O-29-1,Working Finished,D
242,,J-29,,Ship Moved,
242,S,J-29,O-29-2,Working Started,
243,G1,J-15,O-15-4,Working Finished,A
243,,J-15,,Ship Moved,
243,S,J-15,O-15-5,Working Started,
244,D5,J-21,O-21-1,Working Finished,A
244,,J-21,,Ship Moved,
244,S,J-21,O-21-2,Working Started,
247,H1,J-28,O-28-1,Working Finished,B
247,H1,J-28,O-28-2,Working Started,E
248,A2,J-20,O-20-2,Working Finished,E
248,A2,J-20,O-20-3,Working Started,A
248,S,J-29,O-29-2,Working Finished,
248,,J-29,,Ship Moved,
248,E8,J-29,O-29-3,Working Started,D
251,B2,J-17,O-17-3,Working Finished,A
251,Sink,J-17,,Ship Delivered,
251,,J-17,,Ship Moved,
251,Source,J-38,,Ship Launched,
251,,J-38,,Ship Moved,
251,E6,J-38,O-38-1,Working Started,B
255,E3,J-30,O-30-1,Working Finished,D
255,E3,J-30,O-30-2,Working Started,E
257,S,J-15,O-15-5,Working Finished,
257,,J-15,,Ship Moved,
257,A1,J-15,O-15-6,Working Started,A
261,S,J-21,O-21-2,Working Finished,
261,Source,J-40,,Ship Launched,
261,,J-40,,Ship Moved,
261,D5,J-40,O-40-1,Working Started,B
261,Source,J-39,,Ship Launched,
261,,J-39,,Ship Moved,
261,B2,J-39,O-39-1,Working Started,E
261,,J-21,,Ship Moved,
261,G1,J-21,O-21-3,Working Started,A
263,C4,J-22,O-22-1,Working Finished,A
263,,J-22,,Ship Moved,
263,S,J-22,O-22-2,Working Started,
263,E5,J-18,O-18-4,Working Finished,E
263,,J-18,,Ship Moved,
263,S,J-18,O-18-5,Working Started,
263,H1,J-28,O-28-2,Working Finished,E
263,H1,J-28,O-28-3,Working Started,C
263,E8,J-29,O-29-3,Working Finished,D
263,Sink,J-29,,Ship Delivered,
263,,J-29,,Ship Moved,
268,E1,J-16,O-16-1,Working Finished,C
268,,J-16,,Ship Moved,
268,S,J-16,O-16-2,Working Started,
269,Source,J-41,,Ship Launched,
269,,J-41,,Ship Moved,
269,C1,J-41,O-41-1,Working Started,A
270,D4,J-33,O-33-1,Working Finished,A
270,,J-33,,Ship Moved,
270,S,J-33,O-33-2,Working Started,
271,E3,J-30,O-30-2,Working Finished,E
271,E3,J-30,O-30-3,Working Started,D
271,A1,J-15,O-15-6,Working Finished,A
271,,J-15,,Ship Moved,
271,S,J-15,O-15-7,Working Started,
274,B1,J-19,O-19-4,Working Finished,A
274,,J-19,,Ship Moved,
274,S,J-19,O-19-5,Working Started,
274,Source,J-42,,Ship Launched,
274,,J-42,,Ship Moved,
274,A1,J-42,O-42-1,Working Started,B
277,S,J-18,O-18-5,Working Finished,
277,,J-18,,Ship Moved,
277,C4,J-18,O-18-6,Working Started,E
278,E2,J-27,O-27-1,Working Finished,D
278,E2,J-27,O-27-2,Working Started,E
278,S,J-33,O-33-2,Working Finished,
278,,J-33,,Ship Moved,
278,E5,J-33,O-33-3,Working Started,D
281,Source,J-44,,Ship Launched,
281,,J-44,,Ship Moved,
281,D4,J-44,O-44-1,Working Started,A
281,Source,J-43,,Ship Launched,
281,,J-43,,Ship Moved,
281,E8,J-43,O-43-1,Working Started,D
283,S,J-22,O-22-2,Working Finished,
283,,J-22,,Ship Moved,
283,A4,J-22,O-22-3,Working Started,A
285,Source,J-45,,Ship Launched,
285,,J-45,,Ship Moved,
285,A3,J-45,O-45-1,Working Started,A
287,G1,J-21,O-21-3,Working Finished,A
287,Sink,J-21,,Ship Delivered,
287,,J-21,,Ship Moved,
288,H1,J-28,O-28-3,Working Finished,C
288,H1,J-28,O-28-4,Working Started,C
288,S,J-19,O-19-5,Working Finished,
288,,J-19,,Ship Moved,
288,B1,J-19,O-19-6,Working Started,E
290,C3,J-11,O-11-1,Working Finished,A
290,,J-11,,Ship Moved,
290,S,J-11,O-11-2,Working Started,
290,Source,J-46,,Ship Launched,
290,,J-46,,Ship Moved,
290,G1,J-46,O-46-1,Working Started,A
291,A2,J-20,O-20-3,Working Finished,A
291,A2,J-20,O-20-4,Working Started,A
291,C4,J-18,O-18-6,Working Finished,E
291,,J-18,,Ship Moved,
291,S,J-18,O-18-7,Working Started,
292,S,J-15,O-15-7,Working Finished,
292,,J-15,,Ship Moved,
292,E1,J-15,O-15-8,Working Started,D
293,Source,J-47,,Ship Launched,
293,,J-47,,Ship Moved,
293,E4,J-47,O-47-1,Working Started,B
294,S,J-16,O-16-2,Working Finished,
294,,J-16,,Ship Moved,
294,C4,J-16,O-16-3,Working Started,A
296,D3,J-32,O-32-1,Working Finished,A
296,D3,J-32,O-32-2,Working Started,E
297,E3,J-30,O-30-3,Working Finished,D
297,E3,J-30,O-30-4,Working Started,E
297,E5,J-33,O-33-3,Working Finished,D
297,Sink,J-33,,Ship Delivered,
297,,J-33,,Ship Moved,
300,E7,J-34,O-34-1,Working Finished,D
300,,J-34,,Ship Moved,
300,S,J-34,O-34-2,Working Started,
302,B1,J-19,O-19-6,Working Finished,E
302,,J-19,,Ship Moved,
302,S,J-19,O-19-7,Working Started,
305,Source,J-49,,Ship Launched,
305,,J-49,,Ship Moved,
305,E7,J-49,O-49-1,Working Started,B
305,Source,J-48,,Ship Launched,
305,,J-48,,Ship Moved,
305,C3,J-48,O-48-1,Working Started,A
306,E2,J-27,O-27-2,Working Finished,E
306,E2,J-27,O-27-3,Working Started,D
311,B2,J-39,O-39-1,Working Finished,E
311,B2,J-39,O-39-2,Working Started,A
311,Source,J-50,,Ship Launched,
311,,J-50,,Ship Moved,
311,E5,J-50,O-50-1,Working Started,D
312,A4,J-22,O-22-3,Working Finished,A
312,Sink,J-22,,Ship Delivered,
312,,J-22,,Ship Moved,
313,S,J-18,O-18-7,Working Finished,
313,S,J-34,O-34-2,Working Finished,
313,,J-34,,Ship Moved,
313,E4,J-47,O-47-1,Working Interrupted,B
313,E4,J-34,O-34-3,Working Started,D
313,,J-47,,Ship Moved,
313,B1,J-47,O-47-1,Working Started,A
313,,J-18,,Ship Moved,
313,A4,J-18,O-18-8,Working Started,A
315,H1,J-28,O-28-4,Working Finished,C
315,,J-28,,Ship Moved,
315,S,J-28,O-28-5,Working Started,
316,E6,J-38,O-38-1,Working Finished,B
316,,J-38,,Ship Moved,
316,S,J-38,O-38-2,Working Started,
316,E1,J-15,O-15-8,Working Finished,D
316,Sink,J-15,,Ship Delivered,
316,,J-15,,Ship Moved,
320,D3,J-32,O-32-2,Working Finished,E
320,D3,J-32,O-32-3,Working Started,B
321,H2,J-36,O-36-1,Working Finished,A
321,,J-36,,Ship Moved,
321,S,J-36,O-36-2,Working Started,
323,S,J-11,O-11-2,Working Finished,
323,S,J-19,O-19-7,Working Finished,
323,,J-11,,Ship Moved,
323,H1,J-11,O-11-3,Working Started,A
323,,J-19,,Ship Moved,
323,E1,J-19,O-19-8,Working Started,D
324,E3,J-30,O-30-4,Working Finished,E
324,,J-30,,Ship Moved,
324,S,J-30,O-30-5,Working Started,
326,S,J-28,O-28-5,Working Finished,
326,,J-28,,Ship Moved,
326,H2,J-28,O-28-6,Working Started,E
332,C4,J-16,O-16-3,Working Finished,A
332,Sink,J-16,,Ship Delivered,
332,,J-16,,Ship Moved,
334,D2,J-26,O-26-1,Working Finished,A
334,,J-26,,Ship Moved,
334,S,J-26,O-26-2,Working Started,
334,S,J-36,O-36-2,Working Finished,
334,,J-36,,Ship Moved,
334,E6,J-36,O-36-3,Working Started,B
335,S,J-30,O-30-5,Working Finished,
335,,J-30,,Ship Moved,
335,C4,J-30,O-30-6,Working Started,E
336,A4,J-18,O-18-8,Working Finished,A
336,Sink,J-18,,Ship Delivered,
336,,J-18,,Ship Moved,
337,A2,J-20,O-20-4,Working Finished,A
337,,J-20,,Ship Moved,
337,S,J-20,O-20-5,Working Started,
337,H2,J-28,O-28-6,Working Finished,E
337,,J-28,,Ship Moved,
337,S,J-28,O-28-7,Working Started,
338,Source,J-54,,Ship Launched,
338,,J-54,,Ship Moved,
338,D2,J-54,O-54-1,Working Started,A
338,Source,J-51,,Ship Launched,
338,,J-51,,Ship Moved,
338,E3,J-51,O-51-1,Working Started,D
338,Source,J-53,,Ship Launched,
338,,J-53,,Ship Moved,
338,C4,J-30,O-30-6,Working Interrupted,E
338,C4,J-53,O-53-1,Working Started,A
338,Source,J-52,,Ship Launched,
338,,J-52,,Ship Moved,
338,C1,J-41,O-41-1,Working Interrupted,A
338,C1,J-52,O-52-1,Working Started,D
338,,J-41,,Ship Moved,
338,A4,J-41,O-41-1,Working Started,A
338,,J-30,,Ship Moved,
338,A2,J-30,O-30-6,Working Started,A
339,S,J-38,O-38-2,Working Finished,
339,,J-38,,Ship Moved,
339,H2,J-38,O-38-3,Working Started,A
340,E4,J-34,O-34-3,Working Finished,D
340,Sink,J-34,,Ship Delivered,
340,,J-34,,Ship Moved,
345,E1,J-19,O-19-8,Working Finished,D
345,Sink,J-19,,Ship Delivered,
345,,J-19,,Ship Moved,
345,Source,J-55,,Ship Launched,
345,,J-55,,Ship Moved,
345,E4,J-55,O-55-1,Working Started,D
346,A2,J-30,O-30-6,Working Finished,A
346,,J-30,,Ship Moved,
346,S,J-30,O-30-7,Working Started,
351,E2,J-27,O-27-3,Working Finished,D
351,E2,J-27,O-27-4,Working Started,E
353,E6,J-36,O-36-3,Working Finished,B
353,Sink,J-36,,Ship Delivered,
353,,J-36,,Ship Moved,
353,S,J-28,O-28-7,Working Finished,
353,,J-28,,Ship Moved,
353,E6,J-28,O-28-8,Working Started,D
355,S,J-20,O-20-5,Working Finished,
355,,J-20,,Ship Moved,
355,A2,J-20,O-20-6,Working Started,A
358,D3,J-32,O-32-3,Working Finished,B
358,D3,J-32,O-32-4,Working Started,A
360,S,J-26,O-26-2,Working Finished,
360,,J-26,,Ship Moved,
360,E1,J-26,O-26-3,Working Started,C
361,G1,J-46,O-46-1,Working Finished,A
361,G1,J-46,O-46-2,Working Started,A
362,B2,J-39,O-39-2,Working Finished,A
362,,J-39,,Ship Moved,
362,S,J-39,O-39-3,Working Started,
362,S,J-30,O-30-7,Working Finished,
362,,J-30,,Ship Moved,
362,B2,J-30,O-30-8,Working Started,A
363,D5,J-40,O-40-1,Working Finished,B
363,D5,J-40,O-40-2,Working Started,E
364,E8,J-43,O-43-1,Working Finished,D
364,,J-43,,Ship Moved,
364,S,J-43,O-43-2,Working Started,
366,A3,J-45,O-45-1,Working Finished,A
366,A3,J-45,O-45-2,Working Started,E
367,Source,J-56,,Ship Launched,
367,,J-56,,Ship Moved,
367,E8,J-56,O-56-1,Working Started,D
368,Source,J-57,,Ship Launched,
368,,J-57,,Ship Moved,
368,A4,J-41,O-41-1,Working Interrupted,A
368,A4,J-57,O-57-1,Working Started,A
368,,J-41,,Ship Moved,
368,C2,J-35,O-35-1,Working Interrupted,A
368,C2,J-41,O-41-1,Working Started,A
368,,J-35,,Ship Moved,
368,F1,J-35,O-35-1,Working Started,A
371,H1,J-11,O-11-3,Working Finished,A
371,Sink,J-11,,Ship Delivered,
371,,J-11,,Ship Moved,
371,E6,J-28,O-28-8,Working Finished,D
371,Sink,J-28,,Ship Delivered,
371,,J-28,,Ship Moved,
373,A2,J-20,O-20-6,Working Finished,A
373,,J-20,,Ship Moved,
373,S,J-20,O-20-7,Working Started,
375,H2,J-38,O-38-3,Working Finished,A
375,Sink,J-38,,Ship Delivered,
375,,J-38,,Ship Moved,
375,S,J-43,O-43-2,Working Finished,
375,Source,J-58,,Ship Launched,
375,,J-58,,Ship Moved,
375,E6,J-58,O-58-1,Working Started,E
375,,J-43,,Ship Moved,
375,C4,J-53,O-53-1,Working Interrupted,A
375,C4,J-43,O-43-3,Working Started,A
375,,J-53,,Ship Moved,
375,E5,J-50,O-50-1,Working Interrupted,D
375,E5,J-53,O-53-1,Working Started,D
375,,J-50,,Ship Moved,
375,C3,J-48,O-48-1,Working Interrupted,A
375,C3,J-50,O-50-1,Working Started,A
375,,J-48,,Ship Moved,
375,A2,J-48,O-48-1,Working Started,A
378,S,J-39,O-39-3,Working Finished,
378,,J-39,,Ship Moved,
378,H1,J-39,O-39-4,Working Started,B
379,A1,J-42,O-42-1,Working Finished,B
379,A1,J-42,O-42-2,Working Started,E
380,G1,J-46,O-46-2,Working Finished,A
380,G1,J-46,O-46-3,Working Started,A
380,B2,J-30,O-30-8,Working Finished,A
380,Sink,J-30,,Ship Delivered,
380,,J-30,,Ship Moved,
381,Source,J-59,,Ship Launched,
381,,J-59,,Ship Moved,
381,E7,J-49,O-49-1,Working Interrupted,B
381,E7,J-59,O-59-1,Working Started,D
381,,J-49,,Ship Moved,
381,H2,J-49,O-49-1,Working Started,A
382,A2,J-48,O-48-1,Working Finished,A
382,,J-48,,Ship Moved,
382,S,J-48,O-48-2,Working Started,
386,Source,J-60,,Ship Launched,
386,,J-60,,Ship Moved,
386,A2,J-60,O-60-1,Working Started,A
388,A3,J-45,O-45-2,Working Finished,E
388,A3,J-45,O-45-3,Working Started,A
391,D5,J-40,O-40-2,Working Finished,E
391,D5,J-40,O-40-3,Working Started,B
398,D3,J-32,O-32-4,Working Finished,A
398,,J-32,,Ship Moved,
398,S,J-32,O-32-5,Working Started,
398,E1,J-26,O-26-3,Working Finished,C
398,Sink,J-26,,Ship Delivered,
398,,J-26,,Ship Moved,
399,E2,J-27,O-27-4,Working Finished,E
399,,J-27,,Ship Moved,
399,S,J-27,O-27-5,Working Started,
400,C1,J-52,O-52-1,Working Finished,D
400,,J-52,,Ship Moved,
400,S,J-52,O-52-2,Working Started,
400,S,J-20,O-20-7,Working Finished,
400,C4,J-43,O-43-3,Working Finished,A
400,Sink,J-43,,Ship Delivered,
400,,J-43,,Ship Moved,
400,,J-20,,Ship Moved,
400,C4,J-20,O-20-8,Working Started,A
401,Source,J-61,,Ship Launched,
401,,J-61,,Ship Moved,
401,D3,J-61,O-61-1,Working Started,A
405,C3,J-50,O-50-1,Working Finished,A
405,,J-50,,Ship Moved,
405,S,J-50,O-50-2,Working Started,
407,A1,J-42,O-42-2,Working Finished,E
407,A1,J-42,O-42-3,Working Started,E
408,S,J-52,O-52-2,Working Finished,
408,,J-52,,Ship Moved,
408,C3,J-52,O-52-3,Working Started,A
409,S,J-48,O-48-2,Working Finished,
409,Source,J-62,,Ship Launched,
409,,J-62,,Ship Moved,
409,D4,J-44,O-44-1,Working Interrupted,A
409,D4,J-62,O-62-1,Working Started,A
409,,J-44,,Ship Moved,
409,E1,J-44,O-44-1,Working Started,C
409,,J-48,,Ship Moved,
409,C1,J-48,O-48-3,Working Started,A
410,G1,J-46,O-46-3,Working Finished,A
410,G1,J-46,O-46-4,Working Started,A
410,Source,J-63,,Ship Launched,
410,,J-63,,Ship Moved,
410,B2,J-63,O-63-1,Working Started,A
413,H1,J-39,O-39-4,Working Finished,B
413,Sink,J-39,,Ship Delivered,
413,,J-39,,Ship Moved,
414,E4,J-55,O-55-1,Working Finished,D
414,,J-55,,Ship Moved,
414,S,J-55,O-55-2,Working Started,
414,F1,J-35,O-35-1,Working Finished,A
414,,J-35,,Ship Moved,
414,S,J-35,O-35-2,Working Started,
414,E6,J-58,O-58-1,Working Finished,E
414,E6,J-58,O-58-2,Working Started,B
414,S,J-32,O-32-5,Working Finished,
414,,J-32,,Ship Moved,
414,E2,J-32,O-32-6,Working Started,E
416,E5,J-53,O-53-1,Working Finished,D
416,,J-53,,Ship Moved,
416,S,J-53,O-53-2,Working Started,
418,S,J-27,O-27-5,Working Finished,
418,S,J-50,O-50-2,Working Finished,
418,,J-27,,Ship Moved,
418,E4,J-27,O-27-6,Working Started,E
418,,J-50,,Ship Moved,
418,E5,J-50,O-50-3,Working Started,D
419,Source,J-65,,Ship Launched,
419,,J-65,,Ship Moved,
419,E8,J-56,O-56-1,Working Interrupted,D
419,E8,J-65,O-65-1,Working Started,D
419,Source,J-64,,Ship Launched,
419,,J-64,,Ship Moved,
419,C2,J-41,O-41-1,Working Interrupted,A
419,C2,J-64,O-64-1,Working Started,D
419,,J-41,,Ship Moved,
419,D3,J-61,O-61-1,Working Interrupted,A
419,D3,J-41,O-41-1,Working Started,A
419,,J-61,,Ship Moved,
419,E7,J-59,O-59-1,Working Interrupted,D
419,E7,J-61,O-61-1,Working Started,D
419,,J-59,,Ship Moved,
419,E4,J-27,O-27-6,Working Interrupted,E
419,E4,J-59,O-59-1,Working Started,D
419,,J-27,,Ship Moved,
419,C4,J-20,O-20-8,Working Interrupted,A
419,C4,J-27,O-27-6,Working Started,E
419,,J-56,,Ship Moved,
419,E7,J-61,O-61-1,Working Interrupted,D
419,E7,J-56,O-56-1,Working Started,D
419,,J-61,,Ship Moved,
419,A4,J-61,O-61-1,Working Started,N
419,,J-20,,Ship Moved,
419,H1,J-20,O-20-8,Working Started,B
422,B3,J-37,O-37-1,Working Finished,A
422,,J-37,,Ship Moved,
422,S,J-37,O-37-2,Working Started,
422,A3,J-45,O-45-3,Working Finished,A
422,A3,J-45,O-45-4,Working Started,A
423,S,J-55,O-55-2,Working Finished,
423,,J-55,,Ship Moved,
423,E7,J-56,O-56-1,Working Interrupted,D
423,E7,J-55,O-55-3,Working Started,D
423,,J-56,,Ship Moved,
423,E4,J-59,O-59-1,Working Interrupted,D
423,E4,J-56,O-56-1,Working Started,D
423,,J-59,,Ship Moved,
423,D3,J-41,O-41-1,Working Interrupted,A
423,D3,J-59,O-59-1,Working Started,A
423,,J-41,,Ship Moved,
423,B3,J-41,O-41-1,Working Started,A
427,C3,J-52,O-52-3,Working Finished,A
427,Sink,J-52,,Ship Delivered,
427,,J-52,,Ship Moved,
427,S,J-53,O-53-2,Working Finished,
427,,J-53,,Ship Moved,
427,C3,J-53,O-53-3,Working Started,A
428,D1,J-31,O-31-1,Working Finished,A
428,,J-31,,Ship Moved,
428,S,J-31,O-31-2,Working Started,
429,H1,J-20,O-20-8,Working Finished,B
429,Sink,J-20,,Ship Delivered,
429,,J-20,,Ship Moved,
430,E2,J-32,O-32-6,Working Finished,E
430,,J-32,,Ship Moved,
430,S,J-32,O-32-7,Working Started,
432,E4,J-56,O-56-1,Working Finished,D
432,,J-56,,Ship Moved,
432,S,J-56,O-56-2,Working Started,
434,D5,J-40,O-40-3,Working Finished,B
434,D5,J-40,O-40-4,Working Started,A
436,E3,J-51,O-51-1,Working Finished,D
436,E3,J-51,O-51-2,Working Started,E
437,D2,J-54,O-54-1,Working Finished,A
437,D2,J-54,O-54-2,Working Started,E
437,C4,J-27,O-27-6,Working Finished,E
437,,J-27,,Ship Moved,
437,S,J-27,O-27-7,Working Started,
441,S,J-56,O-56-2,Working Finished,
441,,J-56,,Ship Moved,
441,E4,J-56,O-56-3,Working Started,D
442,G1,J-46,O-46-4,Working Finished,A
442,,J-46,,Ship Moved,
442,S,J-46,O-46-5,Working Started,
442,B3,J-41,O-41-1,Working Finished,A
442,,J-41,,Ship Moved,
442,S,J-41,O-41-2,Working Started,
444,S,J-35,O-35-2,Working Finished,
444,E7,J-55,O-55-3,Working Finished,D
444,Sink,J-55,,Ship Delivered,
444,,J-55,,Ship Moved,
444,Source,J-66,,Ship Launched,
444,,J-66,,Ship Moved,
444,E7,J-66,O-66-1,Working Started,D
444,,J-35,,Ship Moved,
444,F1,J-35,O-35-3,Working Started,A
446,E5,J-50,O-50-3,Working Finished,D
446,Sink,J-50,,Ship Delivered,
446,,J-50,,Ship Moved,
449,S,J-37,O-37-2,Working Finished,
449,,J-37,,Ship Moved,
449,G1,J-37,O-37-3,Working Started,A
450,C3,J-53,O-53-3,Working Finished,A
450,Sink,J-53,,Ship Delivered,
450,,J-53,,Ship Moved,
451,A1,J-42,O-42-3,Working Finished,E
451,A1,J-42,O-42-4,Working Started,C
452,C1,J-48,O-48-3,Working Finished,A
452,Sink,J-48,,Ship Delivered,
452,,J-48,,Ship Moved,
454,A4,J-57,O-57-1,Working Finished,A
454,A4,J-57,O-57-2,Working Started,A
454,E6,J-58,O-58-2,Working Finished,B
454,,J-58,,Ship Moved,
454,S,J-58,O-58-3,Working Started,
454,S,J-32,O-32-7,Working Finished,
454,,J-32,,Ship Moved,
454,C4,J-32,O-32-8,Working Started,A
455,S,J-46,O-46-5,Working Finished,
455,,J-46,,Ship Moved,
455,E2,J-46,O-46-6,Working Started,E
456,A2,J-60,O-60-1,Working Finished,A
456,,J-60,,Ship Moved,
456,S,J-60,O-60-2,Working Started,
459,A3,J-45,O-45-4,Working Finished,A
459,,J-45,,Ship Moved,
459,S,J-45,O-45-5,Working Started,
460,S,J-31,O-31-2,Working Finished,
460,,J-31,,Ship Moved,
460,D1,J-31,O-31-3,Working Started,A
461,E4,J-56,O-56-3,Working Finished,D
461,Sink,J-56,,Ship Delivered,
461,,J-56,,Ship Moved,
461,Source,J-67,,Ship Launched,
461,,J-67,,Ship Moved,
461,E5,J-67,O-67-1,Working Started,D
462,E3,J-51,O-51-2,Working Finished,E
462,E3,J-51,O-51-3,Working Started,D
463,Source,J-68,,Ship Launched,
463,,J-68,,Ship Moved,
463,E6,J-68,O-68-1,Working Started,D
464,D2,J-54,O-54-2,Working Finished,E
464,D2,J-54,O-54-3,Working Started,B
465,S,J-27,O-27-7,Working Finished,
465,,J-27,,Ship Moved,
465,B3,J-27,O-27-8,Working Started,A
466,B1,J-47,O-47-1,Working Finished,A
466,,J-47,,Ship Moved,
466,S,J-47,O-47-2,Working Started,
467,D3,J-59,O-59-1,Working Finished,A
467,,J-59,,Ship Moved,
467,S,J-59,O-59-2,Working Started,
467,S,J-41,O-41-2,Working Finished,
467,S,J-58,O-58-3,Working Finished,
467,Source,J-69,,Ship Launched,
467,,J-69,,Ship Moved,
467,E4,J-69,O-69-1,Working Started,D
467,,J-41,,Ship Moved,
467,H1,J-41,O-41-3,Working Started,A
467,,J-58,,Ship Moved,
467,C1,J-58,O-58-4,Working Started,A
468,E2,J-46,O-46-6,Working Finished,E
468,,J-46,,Ship Moved,
468,S,J-46,O-46-7,Working Started,
468,Source,J-71,,Ship Launched,
468,,J-71,,Ship Moved,
468,C3,J-71,O-71-1,Working Started,A
468,Source,J-70,,Ship Launched,
468,,J-70,,Ship Moved,
468,D3,J-70,O-70-1,Working Started,A
472,Source,J-72,,Ship Launched,
472,,J-72,,Ship Moved,
472,D4,J-62,O-62-1,Working Interrupted,A
472,D4,J-72,O-72-1,Working Started,A
472,,J-62,,Ship Moved,
472,C4,J-32,O-32-8,Working Interrupted,A
472,C4,J-62,O-62-1,Working Started,A
472,,J-32,,Ship Moved,
472,A4,J-32,O-32-8,Working Started,A
473,S,J-45,O-45-5,Working Finished,
473,,J-45,,Ship Moved,
473,B1,J-45,O-45-6,Working Started,E
474,A4,J-61,O-61-1,Working Finished,N
474,,J-61,,Ship Moved,
474,S,J-61,O-61-2,Working Started,
475,C2,J-64,O-64-1,Working Finished,D
475,,J-64,,Ship Moved,
475,S,J-64,O-64-2,Working Started,
477,A4,J-57,O-57-2,Working Finished,A
477,A4,J-57,O-57-3,Working Started,A
479,E1,J-44,O-44-1,Working Finished,C
479,,J-44,,Ship Moved,
479,S,J-44,O-44-2,Working Started,
479,S,J-59,O-59-2,Working Finished,
479,A4,J-32,O-32-8,Working Finished,A
479,Sink,J-32,,Ship Delivered,
479,,J-32,,Ship Moved,
479,,J-59,,Ship Moved,
479,E6,J-68,O-68-1,Working Interrupted,D
479,E6,J-59,O-59-3,Working Started,D
479,,J-68,,Ship Moved,
479,C4,J-62,O-62-1,Working Interrupted,A
479,C4,J-68,O-68-1,Working Started,A
479,,J-62,,Ship Moved,
479,D5,J-40,O-40-4,Working Interrupted,A
479,D5,J-62,O-62-1,Working Started,A
479,,J-40,,Ship Moved,
479,E1,J-40,O-40-4,Working Started,E
480,E1,J-40,O-40-4,Working Finished,E
480,,J-40,,Ship Moved,
480,S,J-40,O-40-5,Working Started,
481,S,J-60,O-60-2,Working Finished,
481,Source,J-73,,Ship Launched,
481,,J-73,,Ship Moved,
481,E7,J-66,O-66-1,Working Interrupted,D
481,E7,J-73,O-73-1,Working Started,D
481,,J-66,,Ship Moved,
481,C2,J-66,O-66-1,Working Started,D
481,,J-60,,Ship Moved,
481,A3,J-60,O-60-3,Working Started,A
483,S,J-64,O-64-2,Working Finished,
483,,J-64,,Ship Moved,
483,E4,J-69,O-69-1,Working Interrupted,D
483,E4,J-64,O-64-3,Working Started,D
483,,J-69,,Ship Moved,
483,C4,J-68,O-68-1,Working Interrupted,A
483,C4,J-69,O-69-1,Working Started,A
483,,J-68,,Ship Moved,
483,D5,J-62,O-62-1,Working Interrupted,A
483,D5,J-68,O-68-1,Working Started,A
483,,J-62,,Ship Moved,
483,Buffer,J-62,O-62-1,Waiting Started,
484,S,J-61,O-61-2,Working Finished,
484,Buffer,J-62,O-62-1,Waiting Finished,
484,,J-62,,Ship Moved,
484,C4,J-69,O-69-1,Working Interrupted,A
484,C4,J-62,O-62-1,Working Started,A
484,,J-69,,Ship Moved,
484,D5,J-68,O-68-1,Working Interrupted,A
484,D5,J-69,O-69-1,Working Started,A
484,,J-68,,Ship Moved,
484,D3,J-70,O-70-1,Working Interrupted,A
484,D3,J-68,O-68-1,Working Started,A
484,,J-70,,Ship Moved,
484,C3,J-71,O-71-1,Working Interrupted,A
484,C3,J-70,O-70-1,Working Started,A
484,,J-71,,Ship Moved,
484,E2,J-71,O-71-1,Working Started,C
484,,J-61,,Ship Moved,
484,Buffer,J-61,O-61-3,Waiting Started,
485,F1,J-35,O-35-3,Working Finished,A
485,Sink,J-35,,Ship Delivered,
485,,J-35,,Ship Moved,
485,Buffer,J-61,O-61-3,Waiting Finished,
485,,J-61,,Ship Moved,
485,C4,J-62,O-62-1,Working Interrupted,A
485,C4,J-61,O-61-3,Working Started,A
485,,J-62,,Ship Moved,
485,C3,J-70,O-70-1,Working Interrupted,A
485,C3,J-62,O-62-1,Working Started,A
485,,J-70,,Ship Moved,
485,D5,J-69,O-69-1,Working Interrupted,A
485,D5,J-70,O-70-1,Working Started,A
485,,J-69,,Ship Moved,
485,D3,J-68,O-68-1,Working Interrupted,A
485,D3,J-69,O-69-1,Working Started,A
485,,J-68,,Ship Moved,
485,Buffer,J-68,O-68-1,Waiting Started,
487,G1,J-37,O-37-3,Working Finished,A
487,Sink,J-37,,Ship Delivered,
487,,J-37,,Ship Moved,
487,S,J-46,O-46-7,Working Finished,
487,B1,J-45,O-45-6,Working Finished,E
487,,J-45,,Ship Moved,
487,S,J-45,O-45-7,Working Started,
487,Buffer,J-68,O-68-1,Waiting Finished,
487,,J-68,,Ship Moved,
487,C3,J-62,O-62-1,Working Interrupted,A
487,C3,J-68,O-68-1,Working Started,A
487,,J-62,,Ship Moved,
487,D5,J-70,O-70-1,Working Interrupted,A
487,D5,J-62,O-62-1,Working Started,A
487,,J-70,,Ship Moved,
487,D3,J-69,O-69-1,Working Interrupted,A
487,D3,J-70,O-70-1,Working Started,A
487,,J-69,,Ship Moved,
487,C2,J-66,O-66-1,Working Interrupted,D
487,C2,J-69,O-69-1,Working Started,N
487,,J-66,,Ship Moved,
487,H1,J-66,O-66-1,Working Started,N
487,,J-46,,Ship Moved,
487,E1,J-46,O-46-8,Working Started,D
490,B2,J-63,O-63-1,Working Finished,A
490,B2,J-63,O-63-2,Working Started,A
491,S,J-47,O-47-2,Working Finished,
491,Source,J-74,,Ship Launched,
491,,J-74,,Ship Moved,
491,A2,J-74,O-74-1,Working Started,A
491,,J-47,,Ship Moved,
491,B1,J-47,O-47-3,Working Started,A
494,B3,J-27,O-27-8,Working Finished,A
494,Sink,J-27,,Ship Delivered,
494,,J-27,,Ship Moved,
495,C1,J-58,O-58-4,Working Finished,A
495,Sink,J-58,,Ship Delivered,
495,,J-58,,Ship Moved,
498,S,J-40,O-40-5,Working Finished,
498,,J-40,,Ship Moved,
498,G1,J-40,O-40-6,Working Started,E
499,A1,J-42,O-42-4,Working Finished,C
499,,J-42,,Ship Moved,
499,S,J-42,O-42-5,Working Started,
499,E4,J-64,O-64-3,Working Finished,D
499,Sink,J-64,,Ship Delivered,
499,,J-64,,Ship Moved,
503,E3,J-51,O-51-3,Working Finished,D
503,E3,J-51,O-51-4,Working Started,E
503,H1,J-41,O-41-3,Working Finished,A
503,Sink,J-41,,Ship Delivered,
503,,J-41,,Ship Moved,
503,D5,J-62,O-62-1,Working Finished,A
503,,J-62,,Ship Moved,
503,S,J-62,O-62-2,Working Started,
504,E6,J-59,O-59-3,Working Finished,D
504,Sink,J-59,,Ship Delivered,
504,,J-59,,Ship Moved,
504,H1,J-66,O-66-1,Working Finished,N
504,,J-66,,Ship Moved,
504,S,J-66,O-66-2,Working Started,
505,Source,J-75,,Ship Launched,
505,,J-75,,Ship Moved,
505,A1,J-75,O-75-1,Working Started,B
505,Source,J-76,,Ship Launched,
505,,J-76,,Ship Moved,
505,C1,J-76,O-76-1,Working Started,A
506,D1,J-31,O-31-3,Working Finished,A
506,Sink,J-31,,Ship Delivered,
506,,J-31,,Ship Moved,
506,D2,J-54,O-54-3,Working Finished,B
506,D2,J-54,O-54-4,Working Started,A
507,H2,J-49,O-49-1,Working Finished,A
507,,J-49,,Ship Moved,
507,S,J-49,O-49-2,Working Started,
507,C4,J-61,O-61-3,Working Finished,A
507,Sink,J-61,,Ship Delivered,
507,,J-61,,Ship Moved,
507,E1,J-46,O-46-8,Working Finished,D
507,Sink,J-46,,Ship Delivered,
507,,J-46,,Ship Moved,
508,S,J-44,O-44-2,Working Finished,
508,,J-44,,Ship Moved,
508,H2,J-44,O-44-3,Working Started,A
509,S,J-45,O-45-7,Working Finished,
509,,J-45,,Ship Moved,
509,B3,J-45,O-45-8,Working Started,A
511,E8,J-65,O-65-1,Working Finished,D
511,E8,J-65,O-65-2,Working Started,E
511,B2,J-63,O-63-2,Working Finished,A
511,B2,J-63,O-63-3,Working Started,A
512,S,J-66,O-66-2,Working Finished,
512,,J-66,,Ship Moved,
512,E6,J-66,O-66-3,Working Started,D
513,A4,J-57,O-57-3,Working Finished,A
513,A4,J-57,O-57-4,Working Started,A
516,G1,J-40,O-40-6,Working Finished,E
516,,J-40,,Ship Moved,
516,S,J-40,O-40-7,Working Started,
516,S,J-62,O-62-2,Working Finished,
516,,J-62,,Ship Moved,
516,D5,J-62,O-62-3,Working Started,A
518,S,J-42,O-42-5,Working Finished,
518,,J-42,,Ship Moved,
518,G1,J-42,O-42-6,Working Started,E
519,A3,J-60,O-60-3,Working Finished,A
519,Sink,J-60,,Ship Delivered,
519,,J-60,,Ship Moved,
521,D4,J-72,O-72-1,Working Finished,A
521,,J-72,,Ship Moved,
521,S,J-72,O-72-2,Working Started,
524,Source,J-77,,Ship Launched,
524,,J-77,,Ship Moved,
524,C4,J-77,O-77-1,Working Started,A
528,B1,J-47,O-47-3,Working Finished,A
528,Sink,J-47,,Ship Delivered,
528,,J-47,,Ship Moved,
528,S,J-72,O-72-2,Working Finished,
528,,J-72,,Ship Moved,
528,E4,J-72,O-72-3,Working Started,D
530,Source,J-78,,Ship Launched,
530,,J-78,,Ship Moved,
530,H1,J-78,O-78-1,Working Started,B
530,Source,J-79,,Ship Launched,
530,,J-79,,Ship Moved,
530,D1,J-79,O-79-1,Working Started,A
531,E6,J-66,O-66-3,Working Finished,D
531,Sink,J-66,,Ship Delivered,
531,,J-66,,Ship Moved,
532,E5,J-67,O-67-1,Working Finished,D
532,E5,J-67,O-67-2,Working Started,E
532,B3,J-45,O-45-8,Working Finished,A
532,Sink,J-45,,Ship Delivered,
532,,J-45,,Ship Moved,
536,E8,J-65,O-65-2,Working Finished,E
536,E8,J-65,O-65-3,Working Started,D
537,S,J-49,O-49-2,Working Finished,
537,G1,J-42,O-42-6,Working Finished,E
537,,J-42,,Ship Moved,
537,S,J-42,O-42-7,Working Started,
537,,J-49,,Ship Moved,
537,B1,J-49,O-49-3,Working Started,A
541,Source,J-80,,Ship Launched,
541,,J-80,,Ship Moved,
541,G1,J-80,O-80-1,Working Started,A
543,E4,J-72,O-72-3,Working Finished,D
543,Sink,J-72,,Ship Delivered,
543,,J-72,,Ship Moved,
544,S,J-40,O-40-7,Working Finished,
544,D5,J-62,O-62-3,Working Finished,A
544,Sink,J-62,,Ship Delivered,
544,,J-62,,Ship Moved,
544,,J-40,,Ship Moved,
544,E6,J-40,O-40-8,Working Started,D
545,B2,J-63,O-63-3,Working Finished,A
545,B2,J-63,O-63-4,Working Started,A
547,A2,J-74,O-74-1,Working Finished,A
547,,J-74,,Ship Moved,
547,S,J-74,O-74-2,Working Started,
547,E3,J-51,O-51-4,Working Finished,E
547,,J-51,,Ship Moved,
547,S,J-51,O-51-5,Working Started,
549,H2,J-44,O-44-3,Working Finished,A
549,Sink,J-44,,Ship Delivered,
549,,J-44,,Ship Moved,
551,D2,J-54,O-54-4,Working Finished,A
551,,J-54,,Ship Moved,
551,S,J-54,O-54-5,Working Started,
551,E5,J-67,O-67-2,Working Finished,E
551,E5,J-67,O-67-3,Working Started,D
552,A4,J-57,O-57-4,Working Finished,A
552,,J-57,,Ship Moved,
552,S,J-57,O-57-5,Working Started,
557,D3,J-70,O-70-1,Working Finished,A
557,,J-70,,Ship Moved,
557,S,J-70,O-70-2,Working Started,
560,C2,J-69,O-69-1,Working Finished,N
560,,J-69,,Ship Moved,
560,S,J-69,O-69-2,Working Started,
562,C3,J-68,O-68-1,Working Finished,A
562,,J-68,,Ship Moved,
562,S,J-68,O-68-2,Working Started,
564,S,J-51,O-51-5,Working Finished,
564,,J-51,,Ship Moved,
564,A3,J-51,O-51-6,Working Started,A
565,S,J-42,O-42-7,Working Finished,
565,,J-42,,Ship Moved,
565,E1,J-42,O-42-8,Working Started,D
567,S,J-74,O-74-2,Working Finished,
567,S,J-57,O-57-5,Working Finished,
567,,J-57,,Ship Moved,
567,D2,J-57,O-57-6,Working Started,E
567,,J-74,,Ship Moved,
567,D4,J-74,O-74-3,Working Started,A
568,E7,J-73,O-73-1,Working Finished,D
568,,J-73,,Ship Moved,
568,S,J-73,O-73-2,Working Started,
569,S,J-54,O-54-5,Working Finished,
569,S,J-70,O-70-2,Working Finished,
569,,J-54,,Ship Moved,
569,D5,J-54,O-54-6,Working Started,E
569,,J-70,,Ship Moved,
569,C3,J-70,O-70-3,Working Started,A
573,E6,J-40,O-40-8,Working Finished,D
573,Sink,J-40,,Ship Delivered,
573,,J-40,,Ship Moved,
573,S,J-69,O-69-2,Working Finished,
573,,J-69,,Ship Moved,
573,E3,J-69,O-69-3,Working Started,D
575,E8,J-65,O-65-3,Working Finished,D
575,E8,J-65,O-65-4,Working Started,E
575,S,J-68,O-68-2,Working Finished,
575,,J-68,,Ship Moved,
575,E4,J-68,O-68-3,Working Started,D
579,B1,J-49,O-49-3,Working Finished,A
579,Sink,J-49,,Ship Delivered,
579,,J-49,,Ship Moved,
580,S,J-73,O-73-2,Working Finished,
580,,J-73,,Ship Moved,
580,E7,J-73,O-73-3,Working Started,D
581,B2,J-63,O-63-4,Working Finished,A
581,,J-63,,Ship Moved,
581,S,J-63,O-63-5,Working Started,
581,E5,J-67,O-67-3,Working Finished,D
581,E5,J-67,O-67-4,Working Started,E
581,A3,J-51,O-51-6,Working Finished,A
581,,J-51,,Ship Moved,
581,S,J-51,O-51-7,Working Started,
582,G1,J-80,O-80-1,Working Finished,A
582,,J-80,,Ship Moved,
582,S,J-80,O-80-2,Working Started,
582,D2,J-57,O-57-6,Working Finished,E
582,,J-57,,Ship Moved,
582,S,J-57,O-57-7,Working Started,
587,D5,J-54,O-54-6,Working Finished,E
587,,J-54,,Ship Moved,
587,S,J-54,O-54-7,Working Started,
591,H1,J-78,O-78-1,Working Finished,B
591,H1,J-78,O-78-2,Working Started,E
594,E1,J-42,O-42-8,Working Finished,D
594,Sink,J-42,,Ship Delivered,
594,,J-42,,Ship Moved,
595,D1,J-79,O-79-1,Working Finished,A
595,,J-79,,Ship Moved,
595,S,J-79,O-79-2,Working Started,
595,S,J-63,O-63-5,Working Finished,
595,,J-63,,Ship Moved,
595,B2,J-63,O-63-6,Working Started,E
596,C3,J-70,O-70-3,Working Finished,A
596,Sink,J-70,,Ship Delivered,
596,,J-70,,Ship Moved,
596,S,J-80,O-80-2,Working Finished,
596,,J-80,,Ship Moved,
596,D5,J-80,O-80-3,Working Started,A
598,C4,J-77,O-77-1,Working Finished,A
598,C4,J-77,O-77-2,Working Started,E
598,D4,J-74,O-74-3,Working Finished,A
598,Sink,J-74,,Ship Delivered,
598,,J-74,,Ship Moved,
601,E3,J-69,O-69-3,Working Finished,D
601,Sink,J-69,,Ship Delivered,
601,,J-69,,Ship Moved,
603,A1,J-75,O-75-1,Working Finished,B
603,A1,J-75,O-75-2,Working Started,E
604,E4,J-68,O-68-3,Working Finished,D
604,Sink,J-68,,Ship Delivered,
604,,J-68,,Ship Moved,
605,S,J-57,O-57-7,Working Finished,
605,,J-57,,Ship Moved,
605,A4,J-57,O-57-8,Working Started,A
606,E7,J-73,O-73-3,Working Finished,D
606,Sink,J-73,,Ship Delivered,
606,,J-73,,Ship Moved,
607,S,J-51,O-51-7,Working Finished,
607,H1,J-78,O-78-2,Working Finished,E
607,H1,J-78,O-78-3,Working Started,C
607,,J-51,,Ship Moved,
607,E7,J-51,O-51-8,Working Started,D
609,B2,J-63,O-63-6,Working Finished,E
609,,J-63,,Ship Moved,
609,S,J-63,O-63-7,Working Started,
613,E5,J-67,O-67-4,Working Finished,E
613,,J-67,,Ship Moved,
613,S,J-67,O-67-5,Working Started,
614,S,J-54,O-54-7,Working Finished,
614,,J-54,,Ship Moved,
614,B2,J-54,O-54-8,Working Started,A
616,E8,J-65,O-65-4,Working Finished,E
616,,J-65,,Ship Moved,
616,S,J-65,O-65-5,Working Started,
618,S,J-79,O-79-2,Working Finished,
618,C4,J-77,O-77-2,Working Finished,E
618,C4,J-77,O-77-3,Working Started,B
618,,J-79,,Ship Moved,
618,B3,J-79,O-79-3,Working Started,A
619,D5,J-80,O-80-3,Working Finished,A
619,Sink,J-80,,Ship Delivered,
619,,J-80,,Ship Moved,
622,E2,J-71,O-71-1,Working Finished,C
622,,J-71,,Ship Moved,
622,S,J-71,O-71-2,Working Started,
626,S,J-67,O-67-5,Working Finished,
626,,J-67,,Ship Moved,
626,H2,J-67,O-67-6,Working Started,E
629,A1,J-75,O-75-2,Working Finished,E
629,A1,J-75,O-75-3,Working Started,E
630,A4,J-57,O-57-8,Working Finished,A
630,Sink,J-57,,Ship Delivered,
630,,J-57,,Ship Moved,
630,S,J-63,O-63-7,Working Finished,
630,,J-63,,Ship Moved,
630,E2,J-63,O-63-8,Working Started,D
632,H1,J-78,O-78-3,Working Finished,C
632,H1,J-78,O-78-4,Working Started,C
632,S,J-65,O-65-5,Working Finished,
632,,J-65,,Ship Moved,
632,G1,J-65,O-65-6,Working Started,E
636,E7,J-51,O-51-8,Working Finished,D
636,Sink,J-51,,Ship Delivered,
636,,J-51,,Ship Moved,
639,H2,J-67,O-67-6,Working Finished,E
639,,J-67,,Ship Moved,
639,S,J-67,O-67-7,Working Started,
641,B2,J-54,O-54-8,Working Finished,A
641,Sink,J-54,,Ship Delivered,
641,,J-54,,Ship Moved,
644,S,J-71,O-71-2,Working Finished,
644,,J-71,,Ship Moved,
644,A4,J-71,O-71-3,Working Started,A
648,G1,J-65,O-65-6,Working Finished,E
648,,J-65,,Ship Moved,
648,S,J-65,O-65-7,Working Started,
649,C4,J-77,O-77-3,Working Finished,B
649,C4,J-77,O-77-4,Working Started,A
653,B3,J-79,O-79-3,Working Finished,A
653,Sink,J-79,,Ship Delivered,
653,,J-79,,Ship Moved,
654,E2,J-63,O-63-8,Working Finished,D
654,Sink,J-63,,Ship Delivered,
654,,J-63,,Ship Moved,
658,S,J-67,O-67-7,Working Finished,
658,,J-67,,Ship Moved,
658,H2,J-67,O-67-8,Working Started,B
659,H1,J-78,O-78-4,Working Finished,C
659,,J-78,,Ship Moved,
659,S,J-78,O-78-5,Working Started,
670,A1,J-75,O-75-3,Working Finished,E
670,A1,J-75,O-75-4,Working Started,C
670,S,J-78,O-78-5,Working Finished,
670,,J-78,,Ship Moved,
670,C2,J-78,O-78-6,Working Started,E
671,C1,J-76,O-76-1,Working Finished,A
671,,J-76,,Ship Moved,
671,S,J-76,O-76-2,Working Started,
673,S,J-65,O-65-7,Working Finished,
673,,J-65,,Ship Moved,
673,E5,J-65,O-65-8,Working Started,D
677,A4,J-71,O-71-3,Working Finished,A
677,Sink,J-71,,Ship Delivered,
677,,J-71,,Ship Moved,
679,H2,J-67,O-67-8,Working Finished,B
679,Sink,J-67,,Ship Delivered,
679,,J-67,,Ship Moved,
681,C2,J-78,O-78-6,Working Finished,E
681,,J-78,,Ship Moved,
681,S,J-78,O-78-7,Working Started,
683,C4,J-77,O-77-4,Working Finished,A
683,,J-77,,Ship Moved,
683,S,J-77,O-77-5,Working Started,
695,S,J-76,O-76-2,Working Finished,
695,,J-76,,Ship Moved,
695,A3,J-76,O-76-3,Working Started,A
696,S,J-77,O-77-5,Working Finished,
696,,J-77,,Ship Moved,
696,E8,J-77,O-77-6,Working Started,E
697,S,J-78,O-78-7,Working Finished,
697,,J-78,,Ship Moved,
697,D1,J-78,O-78-8,Working Started,A
698,E5,J-65,O-65-8,Working Finished,D
698,Sink,J-65,,Ship Delivered,
698,,J-65,,Ship Moved,
709,E8,J-77,O-77-6,Working Finished,E
709,,J-77,,Ship Moved,
709,S,J-77,O-77-7,Working Started,
714,A1,J-75,O-75-4,Working Finished,C
714,,J-75,,Ship Moved,
714,S,J-75,O-75-5,Working Started,
715,D1,J-78,O-78-8,Working Finished,A
715,Sink,J-78,,Ship Delivered,
715,,J-78,,Ship Moved,
729,S,J-77,O-77-7,Working Finished,
729,,J-77,,Ship Moved,
729,E8,J-77,O-77-8,Working Started,D
730,A3,J-76,O-76-3,Working Finished,A
730,Sink,J-76,,Ship Delivered,
730,,J-76,,Ship Moved,
731,S,J-75,O-75-5,Working Finished,
731,,J-75,,Ship Moved,
731,G1,J-75,O-75-6,Working Started,E
748,G1,J-75,O-75-6,Working Finished,E
748,,J-75,,Ship Moved,
748,S,J-75,O-75-7,Working Started,
751,E8,J-77,O-77-8,Working Finished,D
751,Sink,J-77,,Ship Delivered,
751,,J-77,,Ship Moved,
774,S,J-75,O-75-7,Working Finished,
774,,J-75,,Ship Moved,
774,D5,J-75,O-75-8,Working Started,A
802,D5,J-75,O-75-8,Working Finished,A
802,Sink,J-75,,Ship Delivered,
802,,J-75,,Ship Moved,