0.0,C3,J-0,O-0-1,Working Started,A
4.0,H2,J-1,O-1-1,Working Started,E
13.0,G1,J-2,O-2-1,Working Started,A
13.0,A2,J-3,O-3-1,Working Started,A
13.0,D3,J-4,O-4-1,Working Started,A
29.0,Source,J-5,,Ship Launched,
29.0,,J-5,,Ship Moved,
29.0,E5,J-5,O-5-1,Working Started,B
40.0,H2,J-1,O-1-1,Working Finished,E
40.0,H2,J-1,O-1-2,Working Started,A
73.0,Source,J-6,,Ship Launched,
73.0,,J-6,,Ship Moved,
73.0,C2,J-6,O-6-1,Working Started,A
77.0,H2,J-1,O-1-2,Working Finished,A
77.0,,J-1,,Ship Moved,
77.0,S,J-1,O-1-3,Working Started,
80.0,A2,J-3,O-3-1,Working Finished,A
80.0,,J-3,,Ship Moved,
80.0,S,J-3,O-3-2,Working Started,
83.0,Source,J-7,,Ship Launched,
83.0,,J-7,,Ship Moved,
83.0,E1,J-7,O-7-1,Working Started,C
86.0,C3,J-0,O-0-1,Working Finished,A
86.0,,J-0,,Ship Moved,
86.0,S,J-0,O-0-2,Working Started,
93.0,D3,J-4,O-4-1,Working Finished,A
93.0,,J-4,,Ship Moved,
93.0,S,J-4,O-4-2,Working Started,
112.0,G1,J-2,O-2-1,Working Finished,A
112.0,G1,J-2,O-2-2,Working Started,A
112.0,S,J-1,O-1-3,Working Finished,
112.0,,J-1,,Ship Moved,
112.0,C1,J-1,O-1-4,Working Started,A
117.0,Source,J-8,,Ship Launched,
117.0,,J-8,,Ship Moved,
117.0,E7,J-8,O-8-1,Working Started,B
122.0,S,J-0,O-0-2,Working Finished,
122.0,,J-0,,Ship Moved,
122.0,D5,J-0,O-0-3,Working Started,A
124.0,Source,J-10,,Ship Launched,
124.0,,J-10,,Ship Moved,
124.0,C3,J-10,O-10-1,Working Started,A
124.0,Source,J-9,,Ship Launched,
124.0,,J-9,,Ship Moved,
124.0,D3,J-9,O-9-1,Working Started,A
127.0,S,J-4,O-4-2,Working Finished,
127.0,,J-4,,Ship Moved,
127.0,D4,J-4,O-4-3,Working Started,A
131.0,Source,J-11,,Ship Launched,
131.0,,J-11,,Ship Moved,
131.0,B1,J-11,O-11-1,Working Started,A
136.0,C1,J-1,O-1-4,Working Finished,A
136.0,Sink,J-1,,Ship Delivered,
136.0,,J-1,,Ship Moved,
138.0,S,J-3,O-3-2,Working Finished,
138.0,Source,J-12,,Ship Launched,
138.0,,J-12,,Ship Moved,
138.0,E8,J-12,O-12-1,Working Started,B
138.0,,J-3,,Ship Moved,
138.0,D1,J-3,O-3-3,Working Started,A
139.0,G1,J-2,O-2-2,Working Finished,A
139.0,G1,J-2,O-2-3,Working Started,A
139.0,Source,J-14,,Ship Launched,
139.0,,J-14,,Ship Moved,
139.0,E3,J-14,O-14-1,Working Started,D
139.0,Source,J-13,,Ship Launched,
139.0,,J-13,,Ship Moved,
139.0,E2,J-13,O-13-1,Working Started,C
147.0,E1,J-7,O-7-1,Working Finished,C
147.0,,J-7,,Ship Moved,
147.0,S,J-7,O-7-2,Working Started,
147.0,D5,J-0,O-0-3,Working Finished,A
147.0,Sink,J-0,,Ship Delivered,
147.0,,J-0,,Ship Moved,
150.0,D4,J-4,O-4-3,Working Finished,A
150.0,Sink,J-4,,Ship Delivered,
150.0,,J-4,,Ship Moved,
151.0,Source,J-15,,Ship Launched,
151.0,,J-15,,Ship Moved,
151.0,D5,J-15,O-15-1,Working Started,A
162.0,Source,J-18,,Ship Launched,
162.0,,J-18,,Ship Moved,
162.0,A1,J-18,O-18-1,Working Started,B
162.0,Source,J-16,,Ship Launched,
162.0,,J-16,,Ship Moved,
162.0,B2,J-16,O-16-1,Working Started,A
162.0,Source,J-17,,Ship Launched,
162.0,,J-17,,Ship Moved,
162.0,C4,J-17,O-17-1,Working Started,A
173.0,D1,J-3,O-3-3,Working Finished,A
173.0,Sink,J-3,,Ship Delivered,
173.0,,J-3,,Ship Moved,
175.0,C2,J-6,O-6-1,Working Finished,A
175.0,,J-6,,Ship Moved,
175.0,S,J-6,O-6-2,Working Started,
181.0,G1,J-2,O-2-3,Working Finished,A
181.0,G1,J-2,O-2-4,Working Started,A
185.0,E7,J-8,O-8-1,Working Finished,B
185.0,,J-8,,Ship Moved,
185.0,S,J-8,O-8-2,Working Started,
200.0,Source,J-19,,Ship Launched,
200.0,,J-19,,Ship Moved,
200.0,D4,J-19,O-19-1,Working Started,A
203.0,S,J-7,O-7-2,Working Finished,
203.0,,J-7,,Ship Moved,
203.0,A4,J-7,O-7-3,Working Started,A
207.0,E8,J-12,O-12-1,Working Finished,B
207.0,,J-12,,Ship Moved,
207.0,S,J-12,O-12-2,Working Started,
209.0,C4,J-17,O-17-1,Working Finished,A
209.0,,J-17,,Ship Moved,
209.0,S,J-17,O-17-2,Working Started,
210.0,S,J-6,O-6-2,Working Finished,
210.0,Source,J-20,,Ship Launched,
210.0,,J-20,,Ship Moved,
210.0,A2,J-20,O-20-1,Working Started,A
210.0,,J-6,,Ship Moved,
210.0,A3,J-6,O-6-3,Working Started,A
212.0,Source,J-21,,Ship Launched,
212.0,,J-21,,Ship Moved,
212.0,E8,J-21,O-21-1,Working Started,D
214.0,E3,J-14,O-14-1,Working Finished,D
214.0,E3,J-14,O-14-2,Working Started,E
215.0,C3,J-10,O-10-1,Working Finished,A
215.0,C3,J-10,O-10-2,Working Started,E
219.0,D5,J-15,O-15-1,Working Finished,A
219.0,,J-15,,Ship Moved,
219.0,S,J-15,O-15-2,Working Started,
221.0,E5,J-5,O-5-1,Working Finished,B
221.0,,J-5,,Ship Moved,
221.0,S,J-5,O-5-2,Working Started,
221.0,Source,J-22,,Ship Launched,
221.0,,J-22,,Ship Moved,
221.0,E7,J-22,O-22-1,Working Started,B
222.0,D3,J-9,O-9-1,Working Finished,A
222.0,,J-9,,Ship Moved,
222.0,S,J-9,O-9-2,Working Started,
224.0,Source,J-23,,Ship Launched,
224.0,,J-23,,Ship Moved,
224.0,C4,J-23,O-23-1,Working Started,A
226.0,G1,J-2,O-2-4,Working Finished,A
226.0,,J-2,,Ship Moved,
226.0,S,J-2,O-2-5,Working Started,
231.0,A3,J-6,O-6-3,Working Finished,A
231.0,Sink,J-6,,Ship Delivered,
231.0,,J-6,,Ship Moved,
235.0,E3,J-14,O-14-2,Working Finished,E
235.0,E3,J-14,O-14-3,Working Started,D
237.0,A4,J-7,O-7-3,Working Finished,A
237.0,Sink,J-7,,Ship Delivered,
237.0,,J-7,,Ship Moved,
238.0,B2,J-16,O-16-1,Working Finished,A
238.0,,J-16,,Ship Moved,
238.0,S,J-16,O-16-2,Working Started,
240.0,C3,J-10,O-10-2,Working Finished,E
240.0,C3,J-10,O-10-3,Working Started,B
244.0,S,J-2,O-2-5,Working Finished,
244.0,,J-2,,Ship Moved,
244.0,E5,J-2,O-2-6,Working Started,E
245.0,S,J-8,O-8-2,Working Finished,
245.0,,J-8,,Ship Moved,
245.0,E4,J-8,O-8-3,Working Started,B
247.0,A1,J-18,O-18-1,Working Finished,B
247.0,A1,J-18,O-18-2,Working Started,E
247.0,S,J-15,O-15-2,Working Finished,
247.0,,J-15,,Ship Moved,
247.0,E6,J-15,O-15-3,Working Started,D
250.0,E2,J-13,O-13-1,Working Finished,C
250.0,,J-13,,Ship Moved,
250.0,S,J-13,O-13-2,Working Started,
250.0,S,J-17,O-17-2,Working Finished,
250.0,,J-17,,Ship Moved,
250.0,H2,J-17,O-17-3,Working Started,A
262.0,E5,J-2,O-2-6,Working Finished,E
262.0,,J-2,,Ship Moved,
262.0,S,J-2,O-2-7,Working Started,
263.0,S,J-9,O-9-2,Working Finished,
263.0,,J-9,,Ship Moved,
263.0,D2,J-9,O-9-3,Working Started,A
264.0,Source,J-24,,Ship Launched,
264.0,,J-24,,Ship Moved,
264.0,E2,J-24,O-24-1,Working Started,C
265.0,Source,J-25,,Ship Launched,
265.0,,J-25,,Ship Moved,
265.0,B2,J-25,O-25-1,Working Started,A
267.0,D4,J-19,O-19-1,Working Finished,A
267.0,,J-19,,Ship Moved,
267.0,S,J-19,O-19-2,Working Started,
267.0,S,J-12,O-12-2,Working Finished,
267.0,E3,J-14,O-14-3,Working Finished,D
267.0,E3,J-14,O-14-4,Working Started,E
267.0,E6,J-15,O-15-3,Working Finished,D
267.0,Sink,J-15,,Ship Delivered,
267.0,,J-15,,Ship Moved,
267.0,,J-12,,Ship Moved,
267.0,C2,J-12,O-12-3,Working Started,A
271.0,A1,J-18,O-18-2,Working Finished,E
271.0,A1,J-18,O-18-3,Working Started,E
274.0,Source,J-26,,Ship Launched,
274.0,,J-26,,Ship Moved,
274.0,H1,J-26,O-26-1,Working Started,B
275.0,H2,J-17,O-17-3,Working Finished,A
275.0,Sink,J-17,,Ship Delivered,
275.0,,J-17,,Ship Moved,
279.0,C3,J-10,O-10-3,Working Finished,B
279.0,C3,J-10,O-10-4,Working Started,A
280.0,E8,J-21,O-21-1,Working Finished,D
280.0,E8,J-21,O-21-2,Working Started,E
281.0,E4,J-8,O-8-3,Working Finished,B
281.0,Sink,J-8,,Ship Delivered,
281.0,,J-8,,Ship Moved,
284.0,E7,J-22,O-22-1,Working Finished,B
284.0,,J-22,,Ship Moved,
284.0,S,J-22,O-22-2,Working Started,
285.0,B1,J-11,O-11-1,Working Finished,A
285.0,,J-11,,Ship Moved,
285.0,S,J-11,O-11-2,Working Started,
286.0,Source,J-27,,Ship Launched,
286.0,,J-27,,Ship Moved,
286.0,B3,J-27,O-27-1,Working Started,A
288.0,S,J-5,O-5-2,Working Finished,
288.0,S,J-13,O-13-2,Working Finished,
288.0,Source,J-29,,Ship Launched,
288.0,,J-29,,Ship Moved,
288.0,E1,J-29,O-29-1,Working Started,C
288.0,Source,J-28,,Ship Launched,
288.0,,J-28,,Ship Moved,
288.0,G1,J-28,O-28-1,Working Started,A
288.0,,J-5,,Ship Moved,
288.0,E6,J-5,O-5-3,Working Started,B
288.0,,J-13,,Ship Moved,
288.0,D4,J-13,O-13-3,Working Started,A
291.0,D2,J-9,O-9-3,Working Finished,A
291.0,Sink,J-9,,Ship Delivered,
291.0,,J-9,,Ship Moved,
295.0,S,J-19,O-19-2,Working Finished,
295.0,,J-19,,Ship Moved,
295.0,C1,J-19,O-19-3,Working Started,D
299.0,E8,J-21,O-21-2,Working Finished,E
299.0,E8,J-21,O-21-3,Working Started,D
300.0,Source,J-30,,Ship Launched,
300.0,,J-30,,Ship Moved,
300.0,B1,J-30,O-30-1,Working Started,A
301.0,E3,J-14,O-14-4,Working Finished,E
301.0,,J-14,,Ship Moved,
301.0,S,J-14,O-14-5,Working Started,
304.0,C2,J-12,O-12-3,Working Finished,A
304.0,Sink,J-12,,Ship Delivered,
304.0,,J-12,,Ship Moved,
305.0,S,J-16,O-16-2,Working Finished,
305.0,,J-16,,Ship Moved,
305.0,F1,J-16,O-16-3,Working Started,A
307.0,A1,J-18,O-18-3,Working Finished,E
307.0,A1,J-18,O-18-4,Working Started,C
311.0,S,J-2,O-2-7,Working Finished,
311.0,D4,J-13,O-13-3,Working Finished,A
311.0,Sink,J-13,,Ship Delivered,
311.0,,J-13,,Ship Moved,
311.0,,J-2,,Ship Moved,
311.0,A4,J-2,O-2-8,Working Started,A
314.0,C1,J-19,O-19-3,Working Finished,D
314.0,Sink,J-19,,Ship Delivered,
314.0,,J-19,,Ship Moved,
315.0,S,J-14,O-14-5,Working Finished,
315.0,,J-14,,Ship Moved,
315.0,D3,J-14,O-14-6,Working Started,E
320.0,C3,J-10,O-10-4,Working Finished,A
320.0,,J-10,,Ship Moved,
320.0,S,J-10,O-10-5,Working Started,
321.0,Source,J-31,,Ship Launched,
321.0,,J-31,,Ship Moved,
321.0,C3,J-31,O-31-1,Working Started,A
322.0,Source,J-32,,Ship Launched,
322.0,,J-32,,Ship Moved,
322.0,D2,J-32,O-32-1,Working Started,A
327.0,E6,J-5,O-5-3,Working Finished,B
327.0,Sink,J-5,,Ship Delivered,
327.0,,J-5,,Ship Moved,
328.0,E8,J-21,O-21-3,Working Finished,D
328.0,E8,J-21,O-21-4,Working Started,E
329.0,D3,J-14,O-14-6,Working Finished,E
329.0,,J-14,,Ship Moved,
329.0,S,J-14,O-14-7,Working Started,
330.0,G1,J-28,O-28-1,Working Finished,A
330.0,G1,J-28,O-28-2,Working Started,A
331.0,Source,J-34,,Ship Launched,
331.0,,J-34,,Ship Moved,
331.0,E3,J-34,O-34-1,Working Started,E
331.0,Source,J-33,,Ship Launched,
331.0,,J-33,,Ship Moved,
331.0,E6,J-33,O-33-1,Working Started,D
335.0,A4,J-2,O-2-8,Working Finished,A
335.0,Sink,J-2,,Ship Delivered,
335.0,,J-2,,Ship Moved,
337.0,S,J-10,O-10-5,Working Finished,
337.0,,J-10,,Ship Moved,
337.0,E4,J-10,O-10-6,Working Started,E
338.0,S,J-22,O-22-2,Working Finished,
338.0,,J-22,,Ship Moved,
338.0,A4,J-22,O-22-3,Working Started,A
339.0,S,J-11,O-11-2,Working Finished,
339.0,,J-11,,Ship Moved,
339.0,H2,J-11,O-11-3,Working Started,A
343.0,B2,J-25,O-25-1,Working Finished,A
343.0,,J-25,,Ship Moved,
343.0,S,J-25,O-25-2,Working Started,
346.0,F1,J-16,O-16-3,Working Finished,A
346.0,Sink,J-16,,Ship Delivered,
346.0,,J-16,,Ship Moved,
346.0,A1,J-18,O-18-4,Working Finished,C
346.0,,J-18,,Ship Moved,
346.0,S,J-18,O-18-5,Working Started,
354.0,E4,J-10,O-10-6,Working Finished,E
354.0,,J-10,,Ship Moved,
354.0,S,J-10,O-10-7,Working Started,
359.0,E8,J-21,O-21-4,Working Finished,E
359.0,,J-21,,Ship Moved,
359.0,S,J-21,O-21-5,Working Started,
362.0,S,J-18,O-18-5,Working Finished,
362.0,,J-18,,Ship Moved,
362.0,E4,J-18,O-18-6,Working Started,E
363.0,B1,J-30,O-30-1,Working Finished,A
363.0,,J-30,,Ship Moved,
363.0,S,J-30,O-30-2,Working Started,
365.0,S,J-14,O-14-7,Working Finished,
365.0,,J-14,,Ship Moved,
365.0,B1,J-14,O-14-8,Working Started,B
367.0,B3,J-27,O-27-1,Working Finished,A
367.0,,J-27,,Ship Moved,
367.0,S,J-27,O-27-2,Working Started,
371.0,A4,J-22,O-22-3,Working Finished,A
371.0,Sink,J-22,,Ship Delivered,
371.0,,J-22,,Ship Moved,
371.0,H2,J-11,O-11-3,Working Finished,A
371.0,Sink,J-11,,Ship Delivered,
371.0,,J-11,,Ship Moved,
372.0,C4,J-23,O-23-1,Working Finished,A
372.0,,J-23,,Ship Moved,
372.0,S,J-23,O-23-2,Working Started,
372.0,S,J-21,O-21-5,Working Finished,
372.0,,J-21,,Ship Moved,
372.0,B3,J-21,O-21-6,Working Started,E
373.0,G1,J-28,O-28-2,Working Finished,A
373.0,,J-28,,Ship Moved,
373.0,S,J-28,O-28-3,Working Started,
373.0,E3,J-34,O-34-1,Working Finished,E
373.0,E3,J-34,O-34-2,Working Started,B
376.0,H1,J-26,O-26-1,Working Finished,B
376.0,H1,J-26,O-26-2,Working Started,E
376.0,Source,J-35,,Ship Launched,
376.0,,J-35,,Ship Moved,
376.0,D4,J-35,O-35-1,Working Started,A
378.0,E4,J-18,O-18-6,Working Finished,E
378.0,,J-18,,Ship Moved,
378.0,S,J-18,O-18-7,Working Started,
383.0,C3,J-31,O-31-1,Working Finished,A
383.0,C3,J-31,O-31-2,Working Started,E
384.0,B1,J-14,O-14-8,Working Finished,B
384.0,Sink,J-14,,Ship Delivered,
384.0,,J-14,,Ship Moved,
385.0,E6,J-33,O-33-1,Working Finished,D
385.0,,J-33,,Ship Moved,
385.0,S,J-33,O-33-2,Working Started,
385.0,B3,J-21,O-21-6,Working Finished,E
385.0,,J-21,,Ship Moved,
385.0,S,J-21,O-21-7,Working Started,
386.0,D2,J-32,O-32-1,Working Finished,A
386.0,,J-32,,Ship Moved,
386.0,S,J-32,O-32-2,Working Started,
393.0,Source,J-36,,Ship Launched,
393.0,,J-36,,Ship Moved,
393.0,B3,J-36,O-36-1,Working Started,A
395.0,A2,J-20,O-20-1,Working Finished,A
395.0,,J-20,,Ship Moved,
395.0,S,J-20,O-20-2,Working Started,
397.0,S,J-10,O-10-7,Working Finished,
397.0,,J-10,,Ship Moved,
397.0,D5,J-10,O-10-8,Working Started,A
400.0,C3,J-31,O-31-2,Working Finished,E
400.0,C3,J-31,O-31-3,Working Started,B
404.0,H1,J-26,O-26-2,Working Finished,E
404.0,H1,J-26,O-26-3,Working Started,C
407.0,S,J-33,O-33-2,Working Finished,
407.0,,J-33,,Ship Moved,
407.0,E5,J-33,O-33-3,Working Started,D
411.0,S,J-25,O-25-2,Working Finished,
411.0,,J-25,,Ship Moved,
411.0,C1,J-25,O-25-3,Working Started,A
413.0,S,J-28,O-28-3,Working Finished,
413.0,,J-28,,Ship Moved,
413.0,A3,J-28,O-28-4,Working Started,A
417.0,E3,J-34,O-34-2,Working Finished,B
417.0,,J-34,,Ship Moved,
417.0,S,J-34,O-34-3,Working Started,
417.0,S,J-21,O-21-7,Working Finished,
417.0,,J-21,,Ship Moved,
417.0,D2,J-21,O-21-8,Working Started,A
418.0,S,J-30,O-30-2,Working Finished,
418.0,S,J-18,O-18-7,Working Finished,
418.0,,J-30,,Ship Moved,
418.0,B2,J-30,O-30-3,Working Started,A
418.0,,J-18,,Ship Moved,
418.0,H2,J-18,O-18-8,Working Started,B
419.0,D5,J-10,O-10-8,Working Finished,A
419.0,Sink,J-10,,Ship Delivered,
419.0,,J-10,,Ship Moved,
422.0,Source,J-37,,Ship Launched,
422.0,,J-37,,Ship Moved,
422.0,D1,J-37,O-37-1,Working Started,A
423.0,E5,J-33,O-33-3,Working Finished,D
423.0,Sink,J-33,,Ship Delivered,
423.0,,J-33,,Ship Moved,
424.0,S,J-23,O-23-2,Working Finished,
424.0,,J-23,,Ship Moved,
424.0,E8,J-23,O-23-3,Working Started,B
426.0,C3,J-31,O-31-3,Working Finished,B
426.0,C3,J-31,O-31-4,Working Started,A
434.0,D2,J-21,O-21-8,Working Finished,A
434.0,Sink,J-21,,Ship Delivered,
434.0,,J-21,,Ship Moved,
437.0,S,J-27,O-27-2,Working Finished,
437.0,,J-27,,Ship Moved,
437.0,D5,J-27,O-27-3,Working Started,A
439.0,H2,J-18,O-18-8,Working Finished,B
439.0,Sink,J-18,,Ship Delivered,
439.0,,J-18,,Ship Moved,
441.0,S,J-32,O-32-2,Working Finished,
441.0,A3,J-28,O-28-4,Working Finished,A
441.0,Sink,J-28,,Ship Delivered,
441.0,,J-28,,Ship Moved,
441.0,,J-32,,Ship Moved,
441.0,E3,J-32,O-32-3,Working Started,B
448.0,H1,J-26,O-26-3,Working Finished,C
448.0,H1,J-26,O-26-4,Working Started,C
452.0,C1,J-25,O-25-3,Working Finished,A
452.0,Sink,J-25,,Ship Delivered,
452.0,,J-25,,Ship Moved,
452.0,B2,J-30,O-30-3,Working Finished,A
452.0,Sink,J-30,,Ship Delivered,
452.0,,J-30,,Ship Moved,
454.0,E8,J-23,O-23-3,Working Finished,B
454.0,Sink,J-23,,Ship Delivered,
454.0,,J-23,,Ship Moved,
454.0,C3,J-31,O-31-4,Working Finished,A
454.0,,J-31,,Ship Moved,
454.0,S,J-31,O-31-5,Working Started,
458.0,S,J-34,O-34-3,Working Finished,
458.0,,J-34,,Ship Moved,
458.0,A2,J-34,O-34-4,Working Started,A
460.0,S,J-20,O-20-2,Working Finished,
460.0,,J-20,,Ship Moved,
460.0,E7,J-20,O-20-3,Working Started,B
461.0,B3,J-36,O-36-1,Working Finished,A
461.0,,J-36,,Ship Moved,
461.0,S,J-36,O-36-2,Working Started,
466.0,S,J-31,O-31-5,Working Finished,
466.0,,J-31,,Ship Moved,
466.0,E6,J-31,O-31-6,Working Started,E
473.0,Source,J-39,,Ship Launched,
473.0,,J-39,,Ship Moved,
473.0,D2,J-39,O-39-1,Working Started,A
473.0,Source,J-38,,Ship Launched,
473.0,,J-38,,Ship Moved,
473.0,B1,J-38,O-38-1,Working Started,E
474.0,Source,J-40,,Ship Launched,
474.0,,J-40,,Ship Moved,
474.0,D3,J-40,O-40-1,Working Started,A
474.0,Source,J-41,,Ship Launched,
474.0,,J-41,,Ship Moved,
474.0,H2,J-41,O-41-1,Working Started,E
475.0,E3,J-32,O-32-3,Working Finished,B
475.0,Sink,J-32,,Ship Delivered,
475.0,,J-32,,Ship Moved,
478.0,E6,J-31,O-31-6,Working Finished,E
478.0,,J-31,,Ship Moved,
478.0,S,J-31,O-31-7,Working Started,
480.0,D5,J-27,O-27-3,Working Finished,A
480.0,Sink,J-27,,Ship Delivered,
480.0,,J-27,,Ship Moved,
486.0,A2,J-34,O-34-4,Working Finished,A
486.0,Sink,J-34,,Ship Delivered,
486.0,,J-34,,Ship Moved,
492.0,E2,J-24,O-24-1,Working Finished,C
492.0,,J-24,,Ship Moved,
492.0,S,J-24,O-24-2,Working Started,
495.0,H1,J-26,O-26-4,Working Finished,C
495.0,,J-26,,Ship Moved,
495.0,S,J-26,O-26-5,Working Started,
498.0,E7,J-20,O-20-3,Working Finished,B
498.0,Sink,J-20,,Ship Delivered,
498.0,,J-20,,Ship Moved,
498.0,Source,J-42,,Ship Launched,
498.0,,J-42,,Ship Moved,
498.0,D5,J-42,O-42-1,Working Started,A
505.0,Source,J-43,,Ship Launched,
505.0,,J-43,,Ship Moved,
505.0,E4,J-43,O-43-1,Working Started,D
506.0,S,J-31,O-31-7,Working Finished,
506.0,,J-31,,Ship Moved,
506.0,A1,J-31,O-31-8,Working Started,B
507.0,Source,J-44,,Ship Launched,
507.0,,J-44,,Ship Moved,
507.0,A4,J-44,O-44-1,Working Started,A
514.0,S,J-26,O-26-5,Working Finished,
514.0,,J-26,,Ship Moved,
514.0,E6,J-26,O-26-6,Working Started,E
516.0,Source,J-45,,Ship Launched,
516.0,,J-45,,Ship Moved,
516.0,E3,J-45,O-45-1,Working Started,D
520.0,S,J-36,O-36-2,Working Finished,
520.0,,J-36,,Ship Moved,
520.0,E5,J-36,O-36-3,Working Started,B
521.0,A1,J-31,O-31-8,Working Finished,B
521.0,Sink,J-31,,Ship Delivered,
521.0,,J-31,,Ship Moved,
522.0,B1,J-38,O-38-1,Working Finished,E
522.0,B1,J-38,O-38-2,Working Started,A
524.0,H2,J-41,O-41-1,Working Finished,E
524.0,H2,J-41,O-41-2,Working Started,A
525.0,Source,J-46,,Ship Launched,
525.0,,J-46,,Ship Moved,
525.0,E8,J-46,O-46-1,Working Started,B
527.0,E1,J-29,O-29-1,Working Finished,C
527.0,,J-29,,Ship Moved,
527.0,S,J-29,O-29-2,Working Started,
533.0,E6,J-26,O-26-6,Working Finished,E
533.0,,J-26,,Ship Moved,
533.0,S,J-26,O-26-7,Working Started,
535.0,Source,J-47,,Ship Launched,
535.0,,J-47,,Ship Moved,
535.0,E7,J-47,O-47-1,Working Started,D
539.0,Source,J-48,,Ship Launched,
539.0,,J-48,,Ship Moved,
539.0,C1,J-48,O-48-1,Working Started,A
541.0,Source,J-49,,Ship Launched,
541.0,,J-49,,Ship Moved,
541.0,B3,J-49,O-49-1,Working Started,A
545.0,Source,J-50,,Ship Launched,
545.0,,J-50,,Ship Moved,
545.0,C3,J-50,O-50-1,Working Started,A
545.0,Source,J-51,,Ship Launched,
545.0,,J-51,,Ship Moved,
545.0,E6,J-51,O-51-1,Working Started,D
553.0,Source,J-52,,Ship Launched,
553.0,,J-52,,Ship Moved,
553.0,C2,J-52,O-52-1,Working Started,A
553.0,Source,J-53,,Ship Launched,
553.0,,J-53,,Ship Moved,
553.0,A1,J-53,O-53-1,Working Started,B
554.0,D2,J-39,O-39-1,Working Finished,A
554.0,,J-39,,Ship Moved,
554.0,S,J-39,O-39-2,Working Started,
556.0,E5,J-36,O-36-3,Working Finished,B
556.0,Sink,J-36,,Ship Delivered,
556.0,,J-36,,Ship Moved,
557.0,D1,J-37,O-37-1,Working Finished,A
557.0,,J-37,,Ship Moved,
557.0,S,J-37,O-37-2,Working Started,
571.0,S,J-24,O-24-2,Working Finished,
571.0,,J-24,,Ship Moved,
571.0,E5,J-24,O-24-3,Working Started,B
572.0,A4,J-44,O-44-1,Working Finished,A
572.0,A4,J-44,O-44-2,Working Started,A
572.0,B1,J-38,O-38-2,Working Finished,A
572.0,,J-38,,Ship Moved,
572.0,S,J-38,O-38-3,Working Started,
576.0,H2,J-41,O-41-2,Working Finished,A
576.0,,J-41,,Ship Moved,
576.0,S,J-41,O-41-3,Working Started,
582.0,S,J-26,O-26-7,Working Finished,
582.0,,J-26,,Ship Moved,
582.0,A2,J-26,O-26-8,Working Started,A
584.0,Source,J-54,,Ship Launched,
584.0,,J-54,,Ship Moved,
584.0,B1,J-54,O-54-1,Working Started,B
589.0,E3,J-45,O-45-1,Working Finished,D
589.0,E3,J-45,O-45-2,Working Started,E
590.0,A4,J-44,O-44-2,Working Finished,A
590.0,A4,J-44,O-44-3,Working Started,A
591.0,Source,J-55,,Ship Launched,
591.0,,J-55,,Ship Moved,
591.0,C4,J-55,O-55-1,Working Started,A
593.0,E7,J-47,O-47-1,Working Finished,D
593.0,,J-47,,Ship Moved,
593.0,S,J-47,O-47-2,Working Started,
593.0,Source,J-56,,Ship Launched,
593.0,,J-56,,Ship Moved,
593.0,E7,J-56,O-56-1,Working Started,B
595.0,D4,J-35,O-35-1,Working Finished,A
595.0,,J-35,,Ship Moved,
595.0,S,J-35,O-35-2,Working Started,
596.0,C1,J-48,O-48-1,Working Finished,A
596.0,,J-48,,Ship Moved,
596.0,S,J-48,O-48-2,Working Started,
597.0,E6,J-51,O-51-1,Working Finished,D
597.0,,J-51,,Ship Moved,
597.0,S,J-51,O-51-2,Working Started,
599.0,E4,J-43,O-43-1,Working Finished,D
599.0,,J-43,,Ship Moved,
599.0,S,J-43,O-43-2,Working Started,
604.0,S,J-37,O-37-2,Working Finished,
604.0,,J-37,,Ship Moved,
604.0,F1,J-37,O-37-3,Working Started,A
607.0,A2,J-26,O-26-8,Working Finished,A
607.0,Sink,J-26,,Ship Delivered,
607.0,,J-26,,Ship Moved,
609.0,E3,J-45,O-45-2,Working Finished,E
609.0,E3,J-45,O-45-3,Working Started,D
610.0,S,J-29,O-29-2,Working Finished,
610.0,,J-29,,Ship Moved,
610.0,G1,J-29,O-29-3,Working Started,A
613.0,D5,J-42,O-42-1,Working Finished,A
613.0,,J-42,,Ship Moved,
613.0,S,J-42,O-42-2,Working Started,
616.0,Source,J-57,,Ship Launched,
616.0,,J-57,,Ship Moved,
616.0,A3,J-57,O-57-1,Working Started,A
617.0,S,J-47,O-47-2,Working Finished,
617.0,Source,J-58,,Ship Launched,
617.0,,J-58,,Ship Moved,
617.0,D4,J-58,O-58-1,Working Started,A
617.0,,J-47,,Ship Moved,
617.0,E4,J-47,O-47-3,Working Started,D
618.0,E5,J-24,O-24-3,Working Finished,B
618.0,Sink,J-24,,Ship Delivered,
618.0,,J-24,,Ship Moved,
618.0,A4,J-44,O-44-3,Working Finished,A
618.0,A4,J-44,O-44-4,Working Started,A
618.0,S,J-51,O-51-2,Working Finished,
618.0,,J-51,,Ship Moved,
618.0,D5,J-51,O-51-3,Working Started,A
619.0,A1,J-53,O-53-1,Working Finished,B
619.0,A1,J-53,O-53-2,Working Started,E
620.0,C2,J-52,O-52-1,Working Finished,A
620.0,C2,J-52,O-52-2,Working Started,E
620.0,S,J-38,O-38-3,Working Finished,
620.0,,J-38,,Ship Moved,
620.0,E5,J-38,O-38-4,Working Started,C
624.0,S,J-41,O-41-3,Working Finished,
624.0,,J-41,,Ship Moved,
624.0,D1,J-41,O-41-4,Working Started,A
625.0,S,J-39,O-39-2,Working Finished,
625.0,,J-39,,Ship Moved,
625.0,A2,J-39,O-39-3,Working Started,A
628.0,B3,J-49,O-49-1,Working Finished,A
628.0,B3,J-49,O-49-2,Working Started,A
632.0,F1,J-37,O-37-3,Working Finished,A
632.0,Sink,J-37,,Ship Delivered,
632.0,,J-37,,Ship Moved,
633.0,D5,J-51,O-51-3,Working Finished,A
633.0,Sink,J-51,,Ship Delivered,
633.0,,J-51,,Ship Moved,
634.0,E4,J-47,O-47-3,Working Finished,D
634.0,Sink,J-47,,Ship Delivered,
634.0,,J-47,,Ship Moved,
634.0,Source,J-59,,Ship Launched,
634.0,,J-59,,Ship Moved,
634.0,D5,J-59,O-59-1,Working Started,A
637.0,A1,J-53,O-53-2,Working Finished,E
637.0,A1,J-53,O-53-3,Working Started,E
639.0,S,J-43,O-43-2,Working Finished,
639.0,C2,J-52,O-52-2,Working Finished,E
639.0,C2,J-52,O-52-3,Working Started,B
639.0,,J-43,,Ship Moved,
639.0,E6,J-43,O-43-3,Working Started,D
640.0,E3,J-45,O-45-3,Working Finished,D
640.0,E3,J-45,O-45-4,Working Started,E
642.0,D3,J-40,O-40-1,Working Finished,A
642.0,,J-40,,Ship Moved,
642.0,S,J-40,O-40-2,Working Started,
645.0,E8,J-46,O-46-1,Working Finished,B
645.0,,J-46,,Ship Moved,
645.0,S,J-46,O-46-2,Working Started,
645.0,S,J-48,O-48-2,Working Finished,
645.0,,J-48,,Ship Moved,
645.0,E1,J-48,O-48-3,Working Started,C
648.0,A4,J-44,O-44-4,Working Finished,A
648.0,,J-44,,Ship Moved,
648.0,S,J-44,O-44-5,Working Started,
651.0,B1,J-54,O-54-1,Working Finished,B
651.0,B1,J-54,O-54-2,Working Started,E
652.0,B3,J-49,O-49-2,Working Finished,A
652.0,B3,J-49,O-49-3,Working Started,A
653.0,S,J-42,O-42-2,Working Finished,
653.0,E5,J-38,O-38-4,Working Finished,C
653.0,Sink,J-38,,Ship Delivered,
653.0,,J-38,,Ship Moved,
653.0,,J-42,,Ship Moved,
653.0,E2,J-42,O-42-3,Working Started,C
657.0,D1,J-41,O-41-4,Working Finished,A
657.0,Sink,J-41,,Ship Delivered,
657.0,,J-41,,Ship Moved,
659.0,G1,J-29,O-29-3,Working Finished,A
659.0,Sink,J-29,,Ship Delivered,
659.0,,J-29,,Ship Moved,
660.0,S,J-44,O-44-5,Working Finished,
660.0,,J-44,,Ship Moved,
660.0,E8,J-44,O-44-6,Working Started,E
661.0,E7,J-56,O-56-1,Working Finished,B
661.0,,J-56,,Ship Moved,
661.0,S,J-56,O-56-2,Working Started,
665.0,A1,J-53,O-53-3,Working Finished,E
665.0,A1,J-53,O-53-4,Working Started,C
666.0,E6,J-43,O-43-3,Working Finished,D
666.0,Sink,J-43,,Ship Delivered,
666.0,,J-43,,Ship Moved,
668.0,A2,J-39,O-39-3,Working Finished,A
668.0,Sink,J-39,,Ship Delivered,
668.0,,J-39,,Ship Moved,
668.0,C2,J-52,O-52-3,Working Finished,B
668.0,C2,J-52,O-52-4,Working Started,A
670.0,B1,J-54,O-54-2,Working Finished,E
670.0,B1,J-54,O-54-3,Working Started,E
671.0,S,J-35,O-35-2,Working Finished,
671.0,,J-35,,Ship Moved,
671.0,D2,J-35,O-35-3,Working Started,A
672.0,E8,J-44,O-44-6,Working Finished,E
672.0,,J-44,,Ship Moved,
672.0,S,J-44,O-44-7,Working Started,
673.0,C4,J-55,O-55-1,Working Finished,A
673.0,C4,J-55,O-55-2,Working Started,E
673.0,E3,J-45,O-45-4,Working Finished,E
673.0,,J-45,,Ship Moved,
673.0,S,J-45,O-45-5,Working Started,
675.0,E1,J-48,O-48-3,Working Finished,C
675.0,Sink,J-48,,Ship Delivered,
675.0,,J-48,,Ship Moved,
677.0,E2,J-42,O-42-3,Working Finished,C
677.0,Sink,J-42,,Ship Delivered,
677.0,,J-42,,Ship Moved,
684.0,C3,J-50,O-50-1,Working Finished,A
684.0,,J-50,,Ship Moved,
684.0,S,J-50,O-50-2,Working Started,
686.0,S,J-46,O-46-2,Working Finished,
686.0,,J-46,,Ship Moved,
686.0,D1,J-46,O-46-3,Working Started,A
687.0,S,J-45,O-45-5,Working Finished,
687.0,,J-45,,Ship Moved,
687.0,A4,J-45,O-45-6,Working Started,E
689.0,B3,J-49,O-49-3,Working Finished,A
689.0,B3,J-49,O-49-4,Working Started,A
694.0,D4,J-58,O-58-1,Working Finished,A
694.0,,J-58,,Ship Moved,
694.0,S,J-58,O-58-2,Working Started,
695.0,A1,J-53,O-53-4,Working Finished,C
695.0,,J-53,,Ship Moved,
695.0,S,J-53,O-53-5,Working Started,
696.0,C4,J-55,O-55-2,Working Finished,E
696.0,C4,J-55,O-55-3,Working Started,B
699.0,C2,J-52,O-52-4,Working Finished,A
699.0,,J-52,,Ship Moved,
699.0,S,J-52,O-52-5,Working Started,
699.0,B1,J-54,O-54-3,Working Finished,E
699.0,B1,J-54,O-54-4,Working Started,A
700.0,S,J-40,O-40-2,Working Finished,
700.0,,J-40,,Ship Moved,
700.0,G1,J-40,O-40-3,Working Started,A
701.0,A4,J-45,O-45-6,Working Finished,E
701.0,,J-45,,Ship Moved,
701.0,S,J-45,O-45-7,Working Started,
702.0,S,J-44,O-44-7,Working Finished,
702.0,,J-44,,Ship Moved,
702.0,E1,J-44,O-44-8,Working Started,D
707.0,S,J-53,O-53-5,Working Finished,
707.0,,J-53,,Ship Moved,
707.0,C1,J-53,O-53-6,Working Started,E
711.0,D1,J-46,O-46-3,Working Finished,A
711.0,Sink,J-46,,Ship Delivered,
711.0,,J-46,,Ship Moved,
712.0,S,J-52,O-52-5,Working Finished,
712.0,,J-52,,Ship Moved,
712.0,D1,J-52,O-52-6,Working Started,E
716.0,D2,J-35,O-35-3,Working Finished,A
716.0,Sink,J-35,,Ship Delivered,
716.0,,J-35,,Ship Moved,
718.0,E1,J-44,O-44-8,Working Finished,D
718.0,Sink,J-44,,Ship Delivered,
718.0,,J-44,,Ship Moved,
719.0,C1,J-53,O-53-6,Working Finished,E
719.0,,J-53,,Ship Moved,
719.0,S,J-53,O-53-7,Working Started,
721.0,S,J-56,O-56-2,Working Finished,
721.0,,J-56,,Ship Moved,
721.0,E3,J-56,O-56-3,Working Started,B
725.0,D1,J-52,O-52-6,Working Finished,E
725.0,,J-52,,Ship Moved,
725.0,S,J-52,O-52-7,Working Started,
727.0,S,J-58,O-58-2,Working Finished,
727.0,,J-58,,Ship Moved,
727.0,D3,J-58,O-58-3,Working Started,A
729.0,B3,J-49,O-49-4,Working Finished,A
729.0,,J-49,,Ship Moved,
729.0,S,J-49,O-49-5,Working Started,
730.0,B1,J-54,O-54-4,Working Finished,A
730.0,,J-54,,Ship Moved,
730.0,S,J-54,O-54-5,Working Started,
731.0,C4,J-55,O-55-3,Working Finished,B
731.0,C4,J-55,O-55-4,Working Started,A
732.0,D5,J-59,O-59-1,Working Finished,A
732.0,,J-59,,Ship Moved,
732.0,S,J-59,O-59-2,Working Started,
732.0,S,J-50,O-50-2,Working Finished,
732.0,,J-50,,Ship Moved,
732.0,D1,J-50,O-50-3,Working Started,A
734.0,G1,J-40,O-40-3,Working Finished,A
734.0,Sink,J-40,,Ship Delivered,
734.0,,J-40,,Ship Moved,
735.0,S,J-45,O-45-7,Working Finished,
735.0,,J-45,,Ship Moved,
735.0,E7,J-45,O-45-8,Working Started,D
743.0,S,J-54,O-54-5,Working Finished,
743.0,,J-54,,Ship Moved,
743.0,E8,J-54,O-54-6,Working Started,E
745.0,S,J-49,O-49-5,Working Finished,
745.0,,J-49,,Ship Moved,
745.0,A4,J-49,O-49-6,Working Started,E
749.0,D3,J-58,O-58-3,Working Finished,A
749.0,Sink,J-58,,Ship Delivered,
749.0,,J-58,,Ship Moved,
751.0,S,J-53,O-53-7,Working Finished,
751.0,,J-53,,Ship Moved,
751.0,G1,J-53,O-53-8,Working Started,A
753.0,E7,J-45,O-45-8,Working Finished,D
753.0,Sink,J-45,,Ship Delivered,
753.0,,J-45,,Ship Moved,
754.0,S,J-52,O-52-7,Working Finished,
754.0,,J-52,,Ship Moved,
754.0,E1,J-52,O-52-8,Working Started,D
756.0,E8,J-54,O-54-6,Working Finished,E
756.0,,J-54,,Ship Moved,
756.0,S,J-54,O-54-7,Working Started,
757.0,E3,J-56,O-56-3,Working Finished,B
757.0,Sink,J-56,,Ship Delivered,
757.0,,J-56,,Ship Moved,
761.0,D1,J-50,O-50-3,Working Finished,A
761.0,Sink,J-50,,Ship Delivered,
761.0,,J-50,,Ship Moved,
761.0,A4,J-49,O-49-6,Working Finished,E
761.0,,J-49,,Ship Moved,
761.0,S,J-49,O-49-7,Working Started,
767.0,G1,J-53,O-53-8,Working Finished,A
767.0,Sink,J-53,,Ship Delivered,
767.0,,J-53,,Ship Moved,
769.0,C4,J-55,O-55-4,Working Finished,A
769.0,,J-55,,Ship Moved,
769.0,S,J-55,O-55-5,Working Started,
771.0,E1,J-52,O-52-8,Working Finished,D
771.0,Sink,J-52,,Ship Delivered,
771.0,,J-52,,Ship Moved,
773.0,S,J-59,O-59-2,Working Finished,
773.0,,J-59,,Ship Moved,
773.0,E6,J-59,O-59-3,Working Started,D
784.0,A3,J-57,O-57-1,Working Finished,A
784.0,,J-57,,Ship Moved,
784.0,S,J-57,O-57-2,Working Started,
784.0,S,J-55,O-55-5,Working Finished,
784.0,,J-55,,Ship Moved,
784.0,G1,J-55,O-55-6,Working Started,E
785.0,S,J-54,O-54-7,Working Finished,
785.0,,J-54,,Ship Moved,
785.0,C1,J-54,O-54-8,Working Started,A
799.0,G1,J-55,O-55-6,Working Finished,E
799.0,,J-55,,Ship Moved,
799.0,S,J-55,O-55-7,Working Started,
801.0,E6,J-59,O-59-3,Working Finished,D
801.0,Sink,J-59,,Ship Delivered,
801.0,,J-59,,Ship Moved,
802.0,S,J-49,O-49-7,Working Finished,
802.0,C1,J-54,O-54-8,Working Finished,A
802.0,Sink,J-54,,Ship Delivered,
802.0,,J-54,,Ship Moved,
802.0,,J-49,,Ship Moved,
802.0,D3,J-49,O-49-8,Working Started,A
823.0,D3,J-49,O-49-8,Working Finished,A
823.0,Sink,J-49,,Ship Delivered,
823.0,,J-49,,Ship Moved,
838.0,S,J-55,O-55-7,Working Finished,
838.0,,J-55,,Ship Moved,
838.0,E5,J-55,O-55-8,Working Started,D
843.0,S,J-57,O-57-2,Working Finished,
843.0,,J-57,,Ship Moved,
843.0,E6,J-57,O-57-3,Working Started,B
858.0,E5,J-55,O-55-8,Working Finished,D
858.0,Sink,J-55,,Ship Delivered,
858.0,,J-55,,Ship Moved,
878.0,E6,J-57,O-57-3,Working Finished,B
878.0,Sink,J-57,,Ship Delivered,
878.0,,J-57,,Ship Moved,
