0,D1,J-1,O-1-1,Working Started,A
0,B3,J-2,O-2-1,Working Started,E
4,E3,J-3,O-3-1,Working Started,B
4,C4,J-4,O-4-1,Working Started,A
16,D3,J-5,O-5-1,Working Started,A
33,B3,J-2,O-2-1,Working Finished,E
33,B3,J-2,O-2-2,Working Started,A
37,Source,J-6,,Ship Launched,
37,,J-6,,Ship Moved,
37,A1,J-6,O-6-1,Working Started,E
42,Source,J-7,,Ship Launched,
42,,J-7,,Ship Moved,
42,D5,J-7,O-7-1,Working Started,E
53,Source,J-8,,Ship Launched,
53,,J-8,,Ship Moved,
53,C3,J-8,O-8-1,Working Started,A
55,D1,J-1,O-1-1,Working Finished,A
55,,J-1,,Ship Moved,
55,S,J-1,O-1-2,Working Started,
55,Source,J-9,,Ship Launched,
55,,J-9,,Ship Moved,
55,C2,J-9,O-9-1,Working Started,D
62,Source,J-10,,Ship Launched,
62,,J-10,,Ship Moved,
62,E8,J-10,O-10-1,Working Started,D
63,Source,J-11,,Ship Launched,
63,,J-11,,Ship Moved,
63,D4,J-11,O-11-1,Working Started,A
64,D3,J-5,O-5-1,Working Finished,A
64,,J-5,,Ship Moved,
64,S,J-5,O-5-2,Working Started,
64,Source,J-12,,Ship Launched,
64,,J-12,,Ship Moved,
64,E7,J-12,O-12-1,Working Started,D
64,Source,J-13,,Ship Launched,
64,,J-13,,Ship Moved,
64,A4,J-13,O-13-1,Working Started,A
67,B3,J-2,O-2-2,Working Finished,A
67,,J-2,,Ship Moved,
67,S,J-2,O-2-3,Working Started,
73,Source,J-14,,Ship Launched,
73,,J-14,,Ship Moved,
73,E5,J-14,O-14-1,Working Started,E
74,S,J-1,O-1-2,Working Finished,
74,Source,J-15,,Ship Launched,
74,,J-15,,Ship Moved,
74,E2,J-15,O-15-1,Working Started,D
74,,J-1,,Ship Moved,
74,F1,J-1,O-1-3,Working Started,A
77,D5,J-7,O-7-1,Working Finished,E
77,D5,J-7,O-7-2,Working Started,A
78,S,J-2,O-2-3,Working Finished,
78,,J-2,,Ship Moved,
78,B1,J-2,O-2-4,Working Started,A
81,A1,J-6,O-6-1,Working Finished,E
81,A1,J-6,O-6-2,Working Started,A
81,S,J-5,O-5-2,Working Finished,
81,,J-5,,Ship Moved,
81,B2,J-5,O-5-3,Working Started,A
88,Source,J-17,,Ship Launched,
88,,J-17,,Ship Moved,
88,E4,J-17,O-17-1,Working Started,B
88,Source,J-16,,Ship Launched,
88,,J-16,,Ship Moved,
88,D2,J-16,O-16-1,Working Started,A
90,Source,J-18,,Ship Launched,
90,,J-18,,Ship Moved,
90,C1,J-18,O-18-1,Working Started,A
95,C4,J-4,O-4-1,Working Finished,A
95,,J-4,,Ship Moved,
95,S,J-4,O-4-2,Working Started,
100,B1,J-2,O-2-4,Working Finished,A
100,Sink,J-2,,Ship Delivered,
100,,J-2,,Ship Moved,
104,C2,J-9,O-9-1,Working Finished,D
104,,J-9,,Ship Moved,
104,S,J-9,O-9-2,Working Started,
104,F1,J-1,O-1-3,Working Finished,A
104,Sink,J-1,,Ship Delivered,
104,,J-1,,Ship Moved,
105,Source,J-19,,Ship Launched,
105,,J-19,,Ship Moved,
105,E1,J-19,O-19-1,Working Started,D
108,A4,J-13,O-13-1,Working Finished,A
108,,J-13,,Ship Moved,
108,S,J-13,O-13-2,Working Started,
108,B2,J-5,O-5-3,Working Finished,A
108,Sink,J-5,,Ship Delivered,
108,,J-5,,Ship Moved,
108,S,J-4,O-4-2,Working Finished,
108,,J-4,,Ship Moved,
108,D3,J-4,O-4-3,Working Started,A
111,S,J-9,O-9-2,Working Finished,
111,,J-9,,Ship Moved,
111,E6,J-9,O-9-3,Working Started,D
114,D5,J-7,O-7-2,Working Finished,A
114,,J-7,,Ship Moved,
114,S,J-7,O-7-3,Working Started,
118,E8,J-10,O-10-1,Working Finished,D
118,,J-10,,Ship Moved,
118,S,J-10,O-10-2,Working Started,
118,E5,J-14,O-14-1,Working Finished,E
118,E5,J-14,O-14-2,Working Started,B
120,E7,J-12,O-12-1,Working Finished,D
120,,J-12,,Ship Moved,
120,S,J-12,O-12-2,Working Started,
120,Source,J-20,,Ship Launched,
120,,J-20,,Ship Moved,
120,B2,J-20,O-20-1,Working Started,A
123,S,J-13,O-13-2,Working Finished,
123,,J-13,,Ship Moved,
123,H2,J-13,O-13-3,Working Started,A
125,S,J-7,O-7-3,Working Finished,
125,Source,J-23,,Ship Launched,
125,,J-23,,Ship Moved,
125,C4,J-23,O-23-1,Working Started,A
125,Source,J-22,,Ship Launched,
125,,J-22,,Ship Moved,
125,E7,J-22,O-22-1,Working Started,B
125,Source,J-21,,Ship Launched,
125,,J-21,,Ship Moved,
125,A3,J-21,O-21-1,Working Started,A
125,,J-7,,Ship Moved,
125,G1,J-7,O-7-4,Working Started,A
126,A1,J-6,O-6-2,Working Finished,A
126,,J-6,,Ship Moved,
126,S,J-6,O-6-3,Working Started,
126,E6,J-9,O-9-3,Working Finished,D
126,Sink,J-9,,Ship Delivered,
126,,J-9,,Ship Moved,
126,S,J-10,O-10-2,Working Finished,
126,,J-10,,Ship Moved,
126,E6,J-10,O-10-3,Working Started,D
128,S,J-12,O-12-2,Working Finished,
128,,J-12,,Ship Moved,
128,D5,J-12,O-12-3,Working Started,A
131,Source,J-24,,Ship Launched,
131,,J-24,,Ship Moved,
131,A4,J-24,O-24-1,Working Started,A
134,D3,J-4,O-4-3,Working Finished,A
134,Sink,J-4,,Ship Delivered,
134,,J-4,,Ship Moved,
140,S,J-6,O-6-3,Working Finished,
140,,J-6,,Ship Moved,
140,A1,J-6,O-6-4,Working Started,A
143,E6,J-10,O-10-3,Working Finished,D
143,Sink,J-10,,Ship Delivered,
143,,J-10,,Ship Moved,
144,D5,J-12,O-12-3,Working Finished,A
144,Sink,J-12,,Ship Delivered,
144,,J-12,,Ship Moved,
148,H2,J-13,O-13-3,Working Finished,A
148,Sink,J-13,,Ship Delivered,
148,,J-13,,Ship Moved,
150,Source,J-25,,Ship Launched,
150,,J-25,,Ship Moved,
150,D5,J-25,O-25-1,Working Started,A
151,C3,J-8,O-8-1,Working Finished,A
151,,J-8,,Ship Moved,
151,S,J-8,O-8-2,Working Started,
151,G1,J-7,O-7-4,Working Finished,A
151,Sink,J-7,,Ship Delivered,
151,,J-7,,Ship Moved,
153,E2,J-15,O-15-1,Working Finished,D
153,E2,J-15,O-15-2,Working Started,E
154,Source,J-26,,Ship Launched,
154,,J-26,,Ship Moved,
154,E8,J-26,O-26-1,Working Started,B
163,E3,J-3,O-3-1,Working Finished,B
163,,J-3,,Ship Moved,
163,S,J-3,O-3-2,Working Started,
164,E5,J-14,O-14-2,Working Finished,B
164,,J-14,,Ship Moved,
164,S,J-14,O-14-3,Working Started,
165,S,J-8,O-8-2,Working Finished,
165,,J-8,,Ship Moved,
165,C3,J-8,O-8-3,Working Started,A
171,C1,J-18,O-18-1,Working Finished,A
171,C1,J-18,O-18-2,Working Started,E
172,A1,J-6,O-6-4,Working Finished,A
172,Sink,J-6,,Ship Delivered,
172,,J-6,,Ship Moved,
172,Source,J-27,,Ship Launched,
172,,J-27,,Ship Moved,
172,C2,J-27,O-27-1,Working Started,A
174,E4,J-17,O-17-1,Working Finished,B
174,,J-17,,Ship Moved,
174,S,J-17,O-17-2,Working Started,
174,E2,J-15,O-15-2,Working Finished,E
174,E2,J-15,O-15-3,Working Started,D
179,S,J-14,O-14-3,Working Finished,
179,,J-14,,Ship Moved,
179,B1,J-14,O-14-4,Working Started,A
184,E1,J-19,O-19-1,Working Finished,D
184,E1,J-19,O-19-2,Working Started,E
185,A4,J-24,O-24-1,Working Finished,A
185,,J-24,,Ship Moved,
185,S,J-24,O-24-2,Working Started,
186,S,J-3,O-3-2,Working Finished,
186,,J-3,,Ship Moved,
186,D3,J-3,O-3-3,Working Started,A
187,Source,J-28,,Ship Launched,
187,,J-28,,Ship Moved,
187,D1,J-28,O-28-1,Working Started,A
193,C3,J-8,O-8-3,Working Finished,A
193,Sink,J-8,,Ship Delivered,
193,,J-8,,Ship Moved,
193,C1,J-18,O-18-2,Working Finished,E
193,C1,J-18,O-18-3,Working Started,B
194,Source,J-30,,Ship Launched,
194,,J-30,,Ship Moved,
194,E6,J-30,O-30-1,Working Started,D
194,Source,J-29,,Ship Launched,
194,,J-29,,Ship Moved,
194,C3,J-29,O-29-1,Working Started,A
201,C4,J-23,O-23-1,Working Finished,A
201,,J-23,,Ship Moved,
201,S,J-23,O-23-2,Working Started,
204,S,J-17,O-17-2,Working Finished,
204,S,J-24,O-24-2,Working Finished,
204,,J-17,,Ship Moved,
204,G1,J-17,O-17-3,Working Started,A
204,,J-24,,Ship Moved,
204,A4,J-24,O-24-3,Working Started,A
205,E1,J-19,O-19-2,Working Finished,E
205,E1,J-19,O-19-3,Working Started,D
206,D5,J-25,O-25-1,Working Finished,A
206,,J-25,,Ship Moved,
206,S,J-25,O-25-2,Working Started,
207,E2,J-15,O-15-3,Working Finished,D
207,E2,J-15,O-15-4,Working Started,E
207,Source,J-32,,Ship Launched,
207,,J-32,,Ship Moved,
207,E3,J-32,O-32-1,Working Started,D
207,Source,J-31,,Ship Launched,
207,,J-31,,Ship Moved,
207,A1,J-31,O-31-1,Working Started,B
209,Source,J-34,,Ship Launched,
209,,J-34,,Ship Moved,
209,C4,J-34,O-34-1,Working Started,A
209,Source,J-33,,Ship Launched,
209,,J-33,,Ship Moved,
209,E4,J-33,O-33-1,Working Started,D
210,B1,J-14,O-14-4,Working Finished,A
210,Sink,J-14,,Ship Delivered,
210,,J-14,,Ship Moved,
211,S,J-23,O-23-2,Working Finished,
211,,J-23,,Ship Moved,
211,D5,J-23,O-23-3,Working Started,A
212,Source,J-35,,Ship Launched,
212,,J-35,,Ship Moved,
212,B3,J-35,O-35-1,Working Started,A
214,S,J-25,O-25-2,Working Finished,
214,,J-25,,Ship Moved,
214,E5,J-25,O-25-3,Working Started,D
219,D3,J-3,O-3-3,Working Finished,A
219,Sink,J-3,,Ship Delivered,
219,,J-3,,Ship Moved,
221,B2,J-20,O-20-1,Working Finished,A
221,B2,J-20,O-20-2,Working Started,A
227,C1,J-18,O-18-3,Working Finished,B
227,C1,J-18,O-18-4,Working Started,A
231,E5,J-25,O-25-3,Working Finished,D
231,Sink,J-25,,Ship Delivered,
231,,J-25,,Ship Moved,
231,Source,J-36,,Ship Launched,
231,,J-36,,Ship Moved,
231,D3,J-36,O-36-1,Working Started,A
234,A4,J-24,O-24-3,Working Finished,A
234,Sink,J-24,,Ship Delivered,
234,,J-24,,Ship Moved,
234,D5,J-23,O-23-3,Working Finished,A
234,Sink,J-23,,Ship Delivered,
234,,J-23,,Ship Moved,
237,Source,J-37,,Ship Launched,
237,,J-37,,Ship Moved,
237,A4,J-37,O-37-1,Working Started,A
238,E1,J-19,O-19-3,Working Finished,D
238,E1,J-19,O-19-4,Working Started,E
242,C3,J-29,O-29-1,Working Finished,A
242,,J-29,,Ship Moved,
242,S,J-29,O-29-2,Working Started,
243,E2,J-15,O-15-4,Working Finished,E
243,,J-15,,Ship Moved,
243,S,J-15,O-15-5,Working Started,
244,A3,J-21,O-21-1,Working Finished,A
244,,J-21,,Ship Moved,
244,S,J-21,O-21-2,Working Started,
247,D1,J-28,O-28-1,Working Finished,A
247,D1,J-28,O-28-2,Working Started,E
248,B2,J-20,O-20-2,Working Finished,A
248,B2,J-20,O-20-3,Working Started,A
248,S,J-29,O-29-2,Working Finished,
248,,J-29,,Ship Moved,
248,E5,J-29,O-29-3,Working Started,D
251,G1,J-17,O-17-3,Working Finished,A
251,Sink,J-17,,Ship Delivered,
251,,J-17,,Ship Moved,
251,Source,J-38,,Ship Launched,
251,,J-38,,Ship Moved,
251,C3,J-38,O-38-1,Working Started,A
255,E6,J-30,O-30-1,Working Finished,D
255,E6,J-30,O-30-2,Working Started,E
257,S,J-15,O-15-5,Working Finished,
257,,J-15,,Ship Moved,
257,G1,J-15,O-15-6,Working Started,E
261,S,J-21,O-21-2,Working Finished,
261,Source,J-40,,Ship Launched,
261,,J-40,,Ship Moved,
261,B1,J-40,O-40-1,Working Started,B
261,Source,J-39,,Ship Launched,
261,,J-39,,Ship Moved,
261,D5,J-39,O-39-1,Working Started,E
261,,J-21,,Ship Moved,
261,E2,J-21,O-21-3,Working Started,C
263,E7,J-22,O-22-1,Working Finished,B
263,,J-22,,Ship Moved,
263,S,J-22,O-22-2,Working Started,
263,C1,J-18,O-18-4,Working Finished,A
263,,J-18,,Ship Moved,
263,S,J-18,O-18-5,Working Started,
263,D1,J-28,O-28-2,Working Finished,E
263,D1,J-28,O-28-3,Working Started,B
263,E5,J-29,O-29-3,Working Finished,D
263,Sink,J-29,,Ship Delivered,
263,,J-29,,Ship Moved,
268,D2,J-16,O-16-1,Working Finished,A
268,,J-16,,Ship Moved,
268,S,J-16,O-16-2,Working Started,
269,Source,J-41,,Ship Launched,
269,,J-41,,Ship Moved,
269,A3,J-41,O-41-1,Working Started,A
270,E4,J-33,O-33-1,Working Finished,D
270,,J-33,,Ship Moved,
270,S,J-33,O-33-2,Working Started,
271,E6,J-30,O-30-2,Working Finished,E
271,E6,J-30,O-30-3,Working Started,D
271,G1,J-15,O-15-6,Working Finished,E
271,,J-15,,Ship Moved,
271,S,J-15,O-15-7,Working Started,
274,E1,J-19,O-19-4,Working Finished,E
274,,J-19,,Ship Moved,
274,S,J-19,O-19-5,Working Started,
274,Source,J-42,,Ship Launched,
274,,J-42,,Ship Moved,
274,G1,J-42,O-42-1,Working Started,A
277,S,J-18,O-18-5,Working Finished,
277,,J-18,,Ship Moved,
277,H1,J-18,O-18-6,Working Started,E
278,C2,J-27,O-27-1,Working Finished,A
278,C2,J-27,O-27-2,Working Started,E
278,S,J-33,O-33-2,Working Finished,
278,,J-33,,Ship Moved,
278,C1,J-33,O-33-3,Working Started,D
281,Source,J-44,,Ship Launched,
281,,J-44,,Ship Moved,
281,E7,J-44,O-44-1,Working Started,B
281,Source,J-43,,Ship Launched,
281,,J-43,,Ship Moved,
281,E4,J-43,O-43-1,Working Started,D
283,S,J-22,O-22-2,Working Finished,
283,,J-22,,Ship Moved,
283,D2,J-22,O-22-3,Working Started,A
285,Source,J-45,,Ship Launched,
285,,J-45,,Ship Moved,
285,A2,J-45,O-45-1,Working Started,A
287,E2,J-21,O-21-3,Working Finished,C
287,Sink,J-21,,Ship Delivered,
287,,J-21,,Ship Moved,
288,D1,J-28,O-28-3,Working Finished,B
288,D1,J-28,O-28-4,Working Started,A
288,S,J-19,O-19-5,Working Finished,
288,,J-19,,Ship Moved,
288,H2,J-19,O-19-6,Working Started,E
290,D4,J-11,O-11-1,Working Finished,A
290,,J-11,,Ship Moved,
290,S,J-11,O-11-2,Working Started,
290,Source,J-46,,Ship Launched,
290,,J-46,,Ship Moved,
290,E5,J-46,O-46-1,Working Started,D
291,B2,J-20,O-20-3,Working Finished,A
291,B2,J-20,O-20-4,Working Started,A
291,H1,J-18,O-18-6,Working Finished,E
291,,J-18,,Ship Moved,
291,S,J-18,O-18-7,Working Started,
292,S,J-15,O-15-7,Working Finished,
292,,J-15,,Ship Moved,
292,H1,J-15,O-15-8,Working Started,B
293,Source,J-47,,Ship Launched,
293,,J-47,,Ship Moved,
293,E2,J-47,O-47-1,Working Started,C
294,S,J-16,O-16-2,Working Finished,
294,,J-16,,Ship Moved,
294,E1,J-16,O-16-3,Working Started,C
296,E3,J-32,O-32-1,Working Finished,D
296,E3,J-32,O-32-2,Working Started,E
297,E6,J-30,O-30-3,Working Finished,D
297,E6,J-30,O-30-4,Working Started,E
297,C1,J-33,O-33-3,Working Finished,D
297,Sink,J-33,,Ship Delivered,
297,,J-33,,Ship Moved,
300,C4,J-34,O-34-1,Working Finished,A
300,,J-34,,Ship Moved,
300,S,J-34,O-34-2,Working Started,
302,H2,J-19,O-19-6,Working Finished,E
302,,J-19,,Ship Moved,
302,S,J-19,O-19-7,Working Started,
305,Source,J-49,,Ship Launched,
305,,J-49,,Ship Moved,
305,D4,J-49,O-49-1,Working Started,A
305,Source,J-48,,Ship Launched,
305,,J-48,,Ship Moved,
305,C4,J-48,O-48-1,Working Started,A
306,C2,J-27,O-27-2,Working Finished,E
306,C2,J-27,O-27-3,Working Started,B
311,D5,J-39,O-39-1,Working Finished,E
311,D5,J-39,O-39-2,Working Started,A
311,Source,J-50,,Ship Launched,
311,,J-50,,Ship Moved,
311,C3,J-38,O-38-1,Working Interrupted,A
311,C3,J-50,O-50-1,Working Started,A
311,,J-38,,Ship Moved,
311,H2,J-38,O-38-1,Working Started,A
312,D2,J-22,O-22-3,Working Finished,A
312,Sink,J-22,,Ship Delivered,
312,,J-22,,Ship Moved,
313,S,J-18,O-18-7,Working Finished,
313,S,J-34,O-34-2,Working Finished,
313,,J-34,,Ship Moved,
313,D2,J-34,O-34-3,Working Started,A
313,,J-18,,Ship Moved,
313,C1,J-18,O-18-8,Working Started,A
315,D1,J-28,O-28-4,Working Finished,A
315,,J-28,,Ship Moved,
315,S,J-28,O-28-5,Working Started,
316,H1,J-15,O-15-8,Working Finished,B
316,Sink,J-15,,Ship Delivered,
316,,J-15,,Ship Moved,
316,H2,J-38,O-38-1,Working Finished,A
316,,J-38,,Ship Moved,
316,S,J-38,O-38-2,Working Started,
320,E3,J-32,O-32-2,Working Finished,E
320,E3,J-32,O-32-3,Working Started,D
321,D3,J-36,O-36-1,Working Finished,A
321,,J-36,,Ship Moved,
321,S,J-36,O-36-2,Working Started,
323,S,J-11,O-11-2,Working Finished,
323,S,J-19,O-19-7,Working Finished,
323,,J-11,,Ship Moved,
323,H2,J-11,O-11-3,Working Started,A
323,,J-19,,Ship Moved,
323,H1,J-19,O-19-8,Working Started,B
324,E6,J-30,O-30-4,Working Finished,E
324,,J-30,,Ship Moved,
324,S,J-30,O-30-5,Working Started,
326,S,J-28,O-28-5,Working Finished,
326,,J-28,,Ship Moved,
326,D3,J-28,O-28-6,Working Started,E
332,E1,J-16,O-16-3,Working Finished,C
332,Sink,J-16,,Ship Delivered,
332,,J-16,,Ship Moved,
334,E8,J-26,O-26-1,Working Finished,B
334,,J-26,,Ship Moved,
334,S,J-26,O-26-2,Working Started,
334,S,J-36,O-36-2,Working Finished,
334,,J-36,,Ship Moved,
334,E8,J-36,O-36-3,Working Started,B
335,S,J-30,O-30-5,Working Finished,
335,,J-30,,Ship Moved,
335,D1,J-30,O-30-6,Working Started,E
336,C1,J-18,O-18-8,Working Finished,A
336,Sink,J-18,,Ship Delivered,
336,,J-18,,Ship Moved,
337,B2,J-20,O-20-4,Working Finished,A
337,,J-20,,Ship Moved,
337,S,J-20,O-20-5,Working Started,
337,D3,J-28,O-28-6,Working Finished,E
337,,J-28,,Ship Moved,
337,S,J-28,O-28-7,Working Started,
338,Source,J-51,,Ship Launched,
338,,J-51,,Ship Moved,
338,E6,J-51,O-51-1,Working Started,D
338,Source,J-54,,Ship Launched,
338,,J-54,,Ship Moved,
338,D3,J-54,O-54-1,Working Started,A
338,Source,J-53,,Ship Launched,
338,,J-53,,Ship Moved,
338,E7,J-44,O-44-1,Working Interrupted,B
338,E7,J-53,O-53-1,Working Started,D
338,Source,J-52,,Ship Launched,
338,,J-52,,Ship Moved,
338,C1,J-52,O-52-1,Working Started,D
338,,J-44,,Ship Moved,
338,B2,J-44,O-44-1,Working Started,A
339,S,J-38,O-38-2,Working Finished,
339,,J-38,,Ship Moved,
339,E1,J-38,O-38-3,Working Started,C
340,D2,J-34,O-34-3,Working Finished,A
340,Sink,J-34,,Ship Delivered,
340,,J-34,,Ship Moved,
345,H1,J-19,O-19-8,Working Finished,B
345,Sink,J-19,,Ship Delivered,
345,,J-19,,Ship Moved,
345,Source,J-55,,Ship Launched,
345,,J-55,,Ship Moved,
345,D2,J-55,O-55-1,Working Started,A
346,D1,J-30,O-30-6,Working Finished,E
346,,J-30,,Ship Moved,
346,S,J-30,O-30-7,Working Started,
351,C2,J-27,O-27-3,Working Finished,B
351,C2,J-27,O-27-4,Working Started,A
353,E8,J-36,O-36-3,Working Finished,B
353,Sink,J-36,,Ship Delivered,
353,,J-36,,Ship Moved,
353,S,J-28,O-28-7,Working Finished,
353,,J-28,,Ship Moved,
353,H1,J-28,O-28-8,Working Started,B
355,S,J-20,O-20-5,Working Finished,
355,,J-20,,Ship Moved,
355,D1,J-20,O-20-6,Working Started,E
358,E3,J-32,O-32-3,Working Finished,D
358,E3,J-32,O-32-4,Working Started,E
360,S,J-26,O-26-2,Working Finished,
360,,J-26,,Ship Moved,
360,E8,J-26,O-26-3,Working Started,B
361,E5,J-46,O-46-1,Working Finished,D
361,E5,J-46,O-46-2,Working Started,E
362,D5,J-39,O-39-2,Working Finished,A
362,,J-39,,Ship Moved,
362,S,J-39,O-39-3,Working Started,
362,S,J-30,O-30-7,Working Finished,
362,,J-30,,Ship Moved,
362,D5,J-30,O-30-8,Working Started,A
363,B1,J-40,O-40-1,Working Finished,B
363,B1,J-40,O-40-2,Working Started,E
364,E4,J-43,O-43-1,Working Finished,D
364,,J-43,,Ship Moved,
364,S,J-43,O-43-2,Working Started,
366,A2,J-45,O-45-1,Working Finished,A
366,A2,J-45,O-45-2,Working Started,E
367,Source,J-56,,Ship Launched,
367,,J-56,,Ship Moved,
367,E4,J-56,O-56-1,Working Started,D
368,Source,J-57,,Ship Launched,
368,,J-57,,Ship Moved,
368,C3,J-50,O-50-1,Working Interrupted,A
368,C3,J-57,O-57-1,Working Started,A
368,,J-50,,Ship Moved,
368,D4,J-49,O-49-1,Working Interrupted,A
368,D4,J-50,O-50-1,Working Started,A
368,,J-49,,Ship Moved,
368,F1,J-49,O-49-1,Working Started,A
371,H2,J-11,O-11-3,Working Finished,A
371,Sink,J-11,,Ship Delivered,
371,,J-11,,Ship Moved,
371,H1,J-28,O-28-8,Working Finished,B
371,Sink,J-28,,Ship Delivered,
371,,J-28,,Ship Moved,
373,D1,J-20,O-20-6,Working Finished,E
373,,J-20,,Ship Moved,
373,S,J-20,O-20-7,Working Started,
375,E1,J-38,O-38-3,Working Finished,C
375,Sink,J-38,,Ship Delivered,
375,,J-38,,Ship Moved,
375,S,J-43,O-43-2,Working Finished,
375,Source,J-58,,Ship Launched,
375,,J-58,,Ship Moved,
375,D2,J-55,O-55-1,Working Interrupted,A
375,D2,J-58,O-58-1,Working Started,E
375,,J-55,,Ship Moved,
375,C4,J-48,O-48-1,Working Interrupted,A
375,C4,J-55,O-55-1,Working Started,A
375,,J-48,,Ship Moved,
375,D4,J-50,O-50-1,Working Interrupted,A
375,D4,J-48,O-48-1,Working Started,A
375,,J-50,,Ship Moved,
375,E7,J-53,O-53-1,Working Interrupted,D
375,E7,J-50,O-50-1,Working Started,D
375,,J-43,,Ship Moved,
375,Buffer,J-43,O-43-3,Waiting Started,
375,,J-53,,Ship Moved,
375,Buffer,J-53,O-53-1,Waiting Started,
378,S,J-39,O-39-3,Working Finished,
378,Buffer,J-53,O-53-1,Waiting Finished,
378,,J-53,,Ship Moved,
378,E5,J-46,O-46-2,Working Interrupted,E
378,E5,J-53,O-53-1,Working Started,D
378,,J-46,,Ship Moved,
378,C4,J-55,O-55-1,Working Interrupted,A
378,C4,J-46,O-46-2,Working Started,E
378,,J-55,,Ship Moved,
378,E7,J-50,O-50-1,Working Interrupted,D
378,E7,J-55,O-55-1,Working Started,D
378,,J-50,,Ship Moved,
378,D4,J-48,O-48-1,Working Interrupted,A
378,D4,J-50,O-50-1,Working Started,A
378,,J-48,,Ship Moved,
378,D1,J-48,O-48-1,Working Started,A
378,Buffer,J-43,O-43-3,Waiting Finished,
378,,J-43,,Ship Moved,
378,E1,J-43,O-43-3,Working Started,N
378,,J-39,,Ship Moved,
378,H1,J-39,O-39-4,Working Started,B
379,G1,J-42,O-42-1,Working Finished,A
379,G1,J-42,O-42-2,Working Started,A
380,D5,J-30,O-30-8,Working Finished,A
380,Sink,J-30,,Ship Delivered,
380,,J-30,,Ship Moved,
380,C4,J-46,O-46-2,Working Finished,E
380,C4,J-46,O-46-3,Working Started,B
381,Source,J-59,,Ship Launched,
381,,J-59,,Ship Moved,
381,D5,J-59,O-59-1,Working Started,A
382,D1,J-48,O-48-1,Working Finished,A
382,,J-48,,Ship Moved,
382,S,J-48,O-48-2,Working Started,
386,Source,J-60,,Ship Launched,
386,,J-60,,Ship Moved,
386,H2,J-60,O-60-1,Working Started,A
388,A2,J-45,O-45-2,Working Finished,E
388,A2,J-45,O-45-3,Working Started,A
391,B1,J-40,O-40-2,Working Finished,E
391,B1,J-40,O-40-3,Working Started,E
398,E3,J-32,O-32-4,Working Finished,E
398,,J-32,,Ship Moved,
398,S,J-32,O-32-5,Working Started,
398,E8,J-26,O-26-3,Working Finished,B
398,Sink,J-26,,Ship Delivered,
398,,J-26,,Ship Moved,
399,C2,J-27,O-27-4,Working Finished,A
399,,J-27,,Ship Moved,
399,S,J-27,O-27-5,Working Started,
400,C1,J-52,O-52-1,Working Finished,D
400,,J-52,,Ship Moved,
400,S,J-52,O-52-2,Working Started,
400,S,J-20,O-20-7,Working Finished,
400,,J-20,,Ship Moved,
400,C2,J-20,O-20-8,Working Started,A
401,Source,J-61,,Ship Launched,
401,,J-61,,Ship Moved,
401,E8,J-61,O-61-1,Working Started,D
403,E1,J-43,O-43-3,Working Finished,N
403,Sink,J-43,,Ship Delivered,
403,,J-43,,Ship Moved,
405,D4,J-50,O-50-1,Working Finished,A
405,,J-50,,Ship Moved,
405,S,J-50,O-50-2,Working Started,
407,G1,J-42,O-42-2,Working Finished,A
407,G1,J-42,O-42-3,Working Started,A
408,S,J-52,O-52-2,Working Finished,
408,,J-52,,Ship Moved,
408,D4,J-52,O-52-3,Working Started,A
409,S,J-48,O-48-2,Working Finished,
409,Source,J-62,,Ship Launched,
409,,J-62,,Ship Moved,
409,E3,J-62,O-62-1,Working Started,D
409,,J-48,,Ship Moved,
409,E1,J-48,O-48-3,Working Started,C
410,C4,J-46,O-46-3,Working Finished,B
410,C4,J-46,O-46-4,Working Started,A
410,Source,J-63,,Ship Launched,
410,,J-63,,Ship Moved,
410,C1,J-63,O-63-1,Working Started,A
413,H1,J-39,O-39-4,Working Finished,B
413,Sink,J-39,,Ship Delivered,
413,,J-39,,Ship Moved,
414,B3,J-35,O-35-1,Working Finished,A
414,,J-35,,Ship Moved,
414,S,J-35,O-35-2,Working Started,
414,D2,J-58,O-58-1,Working Finished,E
414,D2,J-58,O-58-2,Working Started,A
414,E7,J-55,O-55-1,Working Finished,D
414,,J-55,,Ship Moved,
414,S,J-55,O-55-2,Working Started,
414,S,J-32,O-32-5,Working Finished,
414,,J-32,,Ship Moved,
414,E7,J-32,O-32-6,Working Started,E
418,S,J-27,O-27-5,Working Finished,
418,S,J-50,O-50-2,Working Finished,
418,,J-27,,Ship Moved,
418,E5,J-53,O-53-1,Working Interrupted,D
418,E5,J-27,O-27-6,Working Started,E
418,,J-53,,Ship Moved,
418,D5,J-59,O-59-1,Working Interrupted,A
418,D5,J-53,O-53-1,Working Started,A
418,,J-59,,Ship Moved,
418,E4,J-56,O-56-1,Working Interrupted,D
418,E4,J-59,O-59-1,Working Started,D
418,,J-56,,Ship Moved,
418,E7,J-32,O-32-6,Working Interrupted,E
418,E7,J-56,O-56-1,Working Started,D
418,,J-32,,Ship Moved,
418,E8,J-61,O-61-1,Working Interrupted,D
418,E8,J-32,O-32-6,Working Started,E
418,,J-50,,Ship Moved,
418,Buffer,J-50,O-50-3,Waiting Started,
418,,J-61,,Ship Moved,
418,Buffer,J-61,O-61-1,Waiting Started,
419,D5,J-53,O-53-1,Working Finished,A
419,,J-53,,Ship Moved,
419,S,J-53,O-53-2,Working Started,
419,Source,J-65,,Ship Launched,
419,,J-65,,Ship Moved,
419,D5,J-65,O-65-1,Working Started,B
419,Buffer,J-61,O-61-1,Waiting Finished,
419,,J-61,,Ship Moved,
419,E5,J-27,O-27-6,Working Interrupted,E
419,E5,J-61,O-61-1,Working Started,D
419,Source,J-64,,Ship Launched,
419,,J-64,,Ship Moved,
419,E4,J-59,O-59-1,Working Interrupted,D
419,E4,J-64,O-64-1,Working Started,D
419,,J-27,,Ship Moved,
419,E8,J-32,O-32-6,Working Interrupted,E
419,E8,J-27,O-27-6,Working Started,E
419,,J-32,,Ship Moved,
419,E7,J-56,O-56-1,Working Interrupted,D
419,E7,J-32,O-32-6,Working Started,E
419,,J-59,,Ship Moved,
419,D5,J-59,O-59-1,Working Started,A
419,,J-56,,Ship Moved,
419,C2,J-20,O-20-8,Working Interrupted,A
419,C2,J-56,O-56-1,Working Started,D
419,,J-20,,Ship Moved,
419,B3,J-20,O-20-8,Working Started,A
422,A4,J-37,O-37-1,Working Finished,A
422,,J-37,,Ship Moved,
422,S,J-37,O-37-2,Working Started,
422,A2,J-45,O-45-3,Working Finished,A
422,,J-45,,Ship Moved,
422,D5,J-45,O-45-4,Working Started,A
423,S,J-55,O-55-2,Working Finished,
423,Buffer,J-50,O-50-3,Waiting Finished,
423,,J-50,,Ship Moved,
423,D5,J-50,O-50-3,Working Started,A
423,,J-55,,Ship Moved,
423,E5,J-61,O-61-1,Working Interrupted,D
423,E5,J-55,O-55-3,Working Started,D
423,,J-61,,Ship Moved,
423,E8,J-27,O-27-6,Working Interrupted,E
423,E8,J-61,O-61-1,Working Started,D
423,,J-27,,Ship Moved,
423,A4,J-27,O-27-6,Working Started,E
427,D4,J-52,O-52-3,Working Finished,A
427,Sink,J-52,,Ship Delivered,
427,,J-52,,Ship Moved,
428,A1,J-31,O-31-1,Working Finished,B
428,,J-31,,Ship Moved,
428,S,J-31,O-31-2,Working Started,
429,B3,J-20,O-20-8,Working Finished,A
429,Sink,J-20,,Ship Delivered,
429,,J-20,,Ship Moved,
430,S,J-53,O-53-2,Working Finished,
430,E7,J-32,O-32-6,Working Finished,E
430,,J-32,,Ship Moved,
430,S,J-32,O-32-7,Working Started,
430,,J-53,,Ship Moved,
430,D4,J-53,O-53-3,Working Started,A
432,C2,J-56,O-56-1,Working Finished,D
432,,J-56,,Ship Moved,
432,S,J-56,O-56-2,Working Started,
434,B1,J-40,O-40-3,Working Finished,E
434,B1,J-40,O-40-4,Working Started,A
436,E6,J-51,O-51-1,Working Finished,D
436,E6,J-51,O-51-2,Working Started,E
437,D3,J-54,O-54-1,Working Finished,A
437,D3,J-54,O-54-2,Working Started,E
437,A4,J-27,O-27-6,Working Finished,E
437,,J-27,,Ship Moved,
437,S,J-27,O-27-7,Working Started,
441,S,J-56,O-56-2,Working Finished,
441,,J-56,,Ship Moved,
441,E7,J-56,O-56-3,Working Started,D
442,A3,J-41,O-41-1,Working Finished,A
442,,J-41,,Ship Moved,
442,S,J-41,O-41-2,Working Started,
442,C4,J-46,O-46-4,Working Finished,A
442,,J-46,,Ship Moved,
442,S,J-46,O-46-5,Working Started,
444,S,J-35,O-35-2,Working Finished,
444,E5,J-55,O-55-3,Working Finished,D
444,Sink,J-55,,Ship Delivered,
444,,J-55,,Ship Moved,
444,Source,J-66,,Ship Launched,
444,,J-66,,Ship Moved,
444,C4,J-66,O-66-1,Working Started,A
444,,J-35,,Ship Moved,
444,B3,J-35,O-35-3,Working Started,A
449,S,J-37,O-37-2,Working Finished,
449,,J-37,,Ship Moved,
449,D1,J-37,O-37-3,Working Started,A
451,G1,J-42,O-42-3,Working Finished,A
451,G1,J-42,O-42-4,Working Started,A
451,D5,J-50,O-50-3,Working Finished,A
451,Sink,J-50,,Ship Delivered,
451,,J-50,,Ship Moved,
452,E1,J-48,O-48-3,Working Finished,C
452,Sink,J-48,,Ship Delivered,
452,,J-48,,Ship Moved,
453,D4,J-53,O-53-3,Working Finished,A
453,Sink,J-53,,Ship Delivered,
453,,J-53,,Ship Moved,
454,C3,J-57,O-57-1,Working Finished,A
454,C3,J-57,O-57-2,Working Started,E
454,D2,J-58,O-58-2,Working Finished,A
454,,J-58,,Ship Moved,
454,S,J-58,O-58-3,Working Started,
454,S,J-32,O-32-7,Working Finished,
454,,J-32,,Ship Moved,
454,A1,J-32,O-32-8,Working Started,B
455,S,J-46,O-46-5,Working Finished,
455,,J-46,,Ship Moved,
455,C2,J-46,O-46-6,Working Started,E
456,H2,J-60,O-60-1,Working Finished,A
456,,J-60,,Ship Moved,
456,S,J-60,O-60-2,Working Started,
459,D5,J-45,O-45-4,Working Finished,A
459,,J-45,,Ship Moved,
459,S,J-45,O-45-5,Working Started,
460,S,J-31,O-31-2,Working Finished,
460,,J-31,,Ship Moved,
460,E5,J-31,O-31-3,Working Started,B
461,E7,J-56,O-56-3,Working Finished,D
461,Sink,J-56,,Ship Delivered,
461,,J-56,,Ship Moved,
461,Source,J-67,,Ship Launched,
461,,J-67,,Ship Moved,
461,H2,J-67,O-67-1,Working Started,B
462,E6,J-51,O-51-2,Working Finished,E
462,E6,J-51,O-51-3,Working Started,D
463,Source,J-68,,Ship Launched,
463,,J-68,,Ship Moved,
463,D4,J-68,O-68-1,Working Started,A
464,D3,J-54,O-54-2,Working Finished,E
464,D3,J-54,O-54-3,Working Started,B
465,S,J-27,O-27-7,Working Finished,
465,,J-27,,Ship Moved,
465,D5,J-27,O-27-8,Working Started,A
466,E2,J-47,O-47-1,Working Finished,C
466,,J-47,,Ship Moved,
466,S,J-47,O-47-2,Working Started,
467,D5,J-59,O-59-1,Working Finished,A
467,,J-59,,Ship Moved,
467,S,J-59,O-59-2,Working Started,
467,S,J-41,O-41-2,Working Finished,
467,S,J-58,O-58-3,Working Finished,
467,Source,J-69,,Ship Launched,
467,,J-69,,Ship Moved,
467,D5,J-69,O-69-1,Working Started,A
467,,J-41,,Ship Moved,
467,E7,J-41,O-41-3,Working Started,B
467,,J-58,,Ship Moved,
467,H1,J-58,O-58-4,Working Started,B
468,C2,J-46,O-46-6,Working Finished,E
468,,J-46,,Ship Moved,
468,S,J-46,O-46-7,Working Started,
468,Source,J-71,,Ship Launched,
468,,J-71,,Ship Moved,
468,D2,J-71,O-71-1,Working Started,A
468,Source,J-70,,Ship Launched,
468,,J-70,,Ship Moved,
468,D5,J-70,O-70-1,Working Started,A
472,Source,J-72,,Ship Launched,
472,,J-72,,Ship Moved,
472,D5,J-72,O-72-1,Working Started,A
473,S,J-45,O-45-5,Working Finished,
473,,J-45,,Ship Moved,
473,A3,J-45,O-45-6,Working Started,A
475,E4,J-64,O-64-1,Working Finished,D
475,,J-64,,Ship Moved,
475,S,J-64,O-64-2,Working Started,
475,E8,J-61,O-61-1,Working Finished,D
475,,J-61,,Ship Moved,
475,S,J-61,O-61-2,Working Started,
477,C3,J-57,O-57-2,Working Finished,E
477,C3,J-57,O-57-3,Working Started,B
479,B2,J-44,O-44-1,Working Finished,A
479,,J-44,,Ship Moved,
479,S,J-44,O-44-2,Working Started,
479,A1,J-32,O-32-8,Working Finished,B
479,Sink,J-32,,Ship Delivered,
479,,J-32,,Ship Moved,
479,S,J-59,O-59-2,Working Finished,
479,,J-59,,Ship Moved,
479,E4,J-59,O-59-3,Working Started,D
480,B1,J-40,O-40-4,Working Finished,A
480,,J-40,,Ship Moved,
480,S,J-40,O-40-5,Working Started,
481,S,J-60,O-60-2,Working Finished,
481,Source,J-73,,Ship Launched,
481,,J-73,,Ship Moved,
481,E8,J-73,O-73-1,Working Started,D
481,,J-60,,Ship Moved,
481,B2,J-60,O-60-3,Working Started,A
483,S,J-64,O-64-2,Working Finished,
483,,J-64,,Ship Moved,
483,C2,J-64,O-64-3,Working Started,D
485,B3,J-35,O-35-3,Working Finished,A
485,Sink,J-35,,Ship Delivered,
485,,J-35,,Ship Moved,
485,S,J-61,O-61-2,Working Finished,
485,,J-61,,Ship Moved,
485,D5,J-61,O-61-3,Working Started,A
487,D1,J-37,O-37-3,Working Finished,A
487,Sink,J-37,,Ship Delivered,
487,,J-37,,Ship Moved,
487,S,J-46,O-46-7,Working Finished,
487,A3,J-45,O-45-6,Working Finished,A
487,,J-45,,Ship Moved,
487,S,J-45,O-45-7,Working Started,
487,,J-46,,Ship Moved,
487,B3,J-46,O-46-8,Working Started,A
490,C1,J-63,O-63-1,Working Finished,A
490,C1,J-63,O-63-2,Working Started,E
491,S,J-47,O-47-2,Working Finished,
491,Source,J-74,,Ship Launched,
491,,J-74,,Ship Moved,
491,B1,J-74,O-74-1,Working Started,A
491,,J-47,,Ship Moved,
491,D1,J-47,O-47-3,Working Started,A
494,D5,J-27,O-27-8,Working Finished,A
494,Sink,J-27,,Ship Delivered,
494,,J-27,,Ship Moved,
495,H1,J-58,O-58-4,Working Finished,B
495,Sink,J-58,,Ship Delivered,
495,,J-58,,Ship Moved,
498,S,J-40,O-40-5,Working Finished,
498,,J-40,,Ship Moved,
498,E2,J-40,O-40-6,Working Started,E
499,G1,J-42,O-42-4,Working Finished,A
499,,J-42,,Ship Moved,
499,S,J-42,O-42-5,Working Started,
499,C2,J-64,O-64-3,Working Finished,D
499,Sink,J-64,,Ship Delivered,
499,,J-64,,Ship Moved,
502,E3,J-62,O-62-1,Working Finished,D
502,,J-62,,Ship Moved,
502,S,J-62,O-62-2,Working Started,
503,E6,J-51,O-51-3,Working Finished,D
503,E6,J-51,O-51-4,Working Started,E
503,E7,J-41,O-41-3,Working Finished,B
503,Sink,J-41,,Ship Delivered,
503,,J-41,,Ship Moved,
504,C4,J-66,O-66-1,Working Finished,A
504,,J-66,,Ship Moved,
504,S,J-66,O-66-2,Working Started,
504,E4,J-59,O-59-3,Working Finished,D
504,Sink,J-59,,Ship Delivered,
504,,J-59,,Ship Moved,
505,Source,J-75,,Ship Launched,
505,,J-75,,Ship Moved,
505,G1,J-75,O-75-1,Working Started,A
505,Source,J-76,,Ship Launched,
505,,J-76,,Ship Moved,
505,C2,J-76,O-76-1,Working Started,A
506,E5,J-31,O-31-3,Working Finished,B
506,Sink,J-31,,Ship Delivered,
506,,J-31,,Ship Moved,
506,D3,J-54,O-54-3,Working Finished,B
506,D3,J-54,O-54-4,Working Started,A
507,F1,J-49,O-49-1,Working Finished,A
507,,J-49,,Ship Moved,
507,S,J-49,O-49-2,Working Started,
507,D5,J-61,O-61-3,Working Finished,A
507,Sink,J-61,,Ship Delivered,
507,,J-61,,Ship Moved,
507,B3,J-46,O-46-8,Working Finished,A
507,Sink,J-46,,Ship Delivered,
507,,J-46,,Ship Moved,
508,S,J-44,O-44-2,Working Finished,
508,,J-44,,Ship Moved,
508,C4,J-44,O-44-3,Working Started,A
509,S,J-45,O-45-7,Working Finished,
509,,J-45,,Ship Moved,
509,B3,J-45,O-45-8,Working Started,A
511,D5,J-65,O-65-1,Working Finished,B
511,D5,J-65,O-65-2,Working Started,E
511,C1,J-63,O-63-2,Working Finished,E
511,C1,J-63,O-63-3,Working Started,B
512,S,J-66,O-66-2,Working Finished,
512,,J-66,,Ship Moved,
512,E7,J-66,O-66-3,Working Started,D
513,C3,J-57,O-57-3,Working Finished,B
513,C3,J-57,O-57-4,Working Started,A
515,S,J-62,O-62-2,Working Finished,
515,,J-62,,Ship Moved,
515,D5,J-62,O-62-3,Working Started,A
516,E2,J-40,O-40-6,Working Finished,E
516,,J-40,,Ship Moved,
516,S,J-40,O-40-7,Working Started,
518,S,J-42,O-42-5,Working Finished,
518,,J-42,,Ship Moved,
518,A3,J-42,O-42-6,Working Started,A
519,B2,J-60,O-60-3,Working Finished,A
519,Sink,J-60,,Ship Delivered,
519,,J-60,,Ship Moved,
521,D5,J-72,O-72-1,Working Finished,A
521,,J-72,,Ship Moved,
521,S,J-72,O-72-2,Working Started,
524,Source,J-77,,Ship Launched,
524,,J-77,,Ship Moved,
524,A4,J-77,O-77-1,Working Started,A
528,D1,J-47,O-47-3,Working Finished,A
528,Sink,J-47,,Ship Delivered,
528,,J-47,,Ship Moved,
528,S,J-72,O-72-2,Working Finished,
528,,J-72,,Ship Moved,
528,E5,J-72,O-72-3,Working Started,D
530,Source,J-78,,Ship Launched,
530,,J-78,,Ship Moved,
530,D1,J-78,O-78-1,Working Started,A
530,Source,J-79,,Ship Launched,
530,,J-79,,Ship Moved,
530,E3,J-79,O-79-1,Working Started,B
531,E7,J-66,O-66-3,Working Finished,D
531,Sink,J-66,,Ship Delivered,
531,,J-66,,Ship Moved,
532,H2,J-67,O-67-1,Working Finished,B
532,H2,J-67,O-67-2,Working Started,E
532,B3,J-45,O-45-8,Working Finished,A
532,Sink,J-45,,Ship Delivered,
532,,J-45,,Ship Moved,
536,D5,J-65,O-65-2,Working Finished,E
536,D5,J-65,O-65-3,Working Started,B
537,S,J-49,O-49-2,Working Finished,
537,A3,J-42,O-42-6,Working Finished,A
537,,J-42,,Ship Moved,
537,S,J-42,O-42-7,Working Started,
537,,J-49,,Ship Moved,
537,B2,J-49,O-49-3,Working Started,A
541,Source,J-80,,Ship Launched,
541,,J-80,,Ship Moved,
541,E1,J-80,O-80-1,Working Started,C
543,D5,J-62,O-62-3,Working Finished,A
543,Sink,J-62,,Ship Delivered,
543,,J-62,,Ship Moved,
543,E5,J-72,O-72-3,Working Finished,D
543,Sink,J-72,,Ship Delivered,
543,,J-72,,Ship Moved,
544,S,J-40,O-40-7,Working Finished,
544,,J-40,,Ship Moved,
544,E7,J-40,O-40-8,Working Started,D
545,C1,J-63,O-63-3,Working Finished,B
545,C1,J-63,O-63-4,Working Started,A
547,B1,J-74,O-74-1,Working Finished,A
547,,J-74,,Ship Moved,
547,S,J-74,O-74-2,Working Started,
547,E6,J-51,O-51-4,Working Finished,E
547,,J-51,,Ship Moved,
547,S,J-51,O-51-5,Working Started,
549,C4,J-44,O-44-3,Working Finished,A
549,Sink,J-44,,Ship Delivered,
549,,J-44,,Ship Moved,
551,D3,J-54,O-54-4,Working Finished,A
551,,J-54,,Ship Moved,
551,S,J-54,O-54-5,Working Started,
551,H2,J-67,O-67-2,Working Finished,E
551,H2,J-67,O-67-3,Working Started,C
552,C3,J-57,O-57-4,Working Finished,A
552,,J-57,,Ship Moved,
552,S,J-57,O-57-5,Working Started,
557,D5,J-70,O-70-1,Working Finished,A
557,,J-70,,Ship Moved,
557,S,J-70,O-70-2,Working Started,
560,D4,J-68,O-68-1,Working Finished,A
560,,J-68,,Ship Moved,
560,S,J-68,O-68-2,Working Started,
560,D5,J-69,O-69-1,Working Finished,A
560,,J-69,,Ship Moved,
560,S,J-69,O-69-2,Working Started,
564,S,J-51,O-51-5,Working Finished,
564,,J-51,,Ship Moved,
564,B1,J-51,O-51-6,Working Started,E
565,S,J-42,O-42-7,Working Finished,
565,,J-42,,Ship Moved,
565,D3,J-42,O-42-8,Working Started,A
567,S,J-74,O-74-2,Working Finished,
567,S,J-57,O-57-5,Working Finished,
567,,J-57,,Ship Moved,
567,E4,J-57,O-57-6,Working Started,E
567,,J-74,,Ship Moved,
567,A1,J-74,O-74-3,Working Started,B
568,E8,J-73,O-73-1,Working Finished,D
568,,J-73,,Ship Moved,
568,S,J-73,O-73-2,Working Started,
569,S,J-54,O-54-5,Working Finished,
569,S,J-70,O-70-2,Working Finished,
569,,J-54,,Ship Moved,
569,E8,J-54,O-54-6,Working Started,E
569,,J-70,,Ship Moved,
569,C3,J-70,O-70-3,Working Started,A
573,E7,J-40,O-40-8,Working Finished,D
573,Sink,J-40,,Ship Delivered,
573,,J-40,,Ship Moved,
573,S,J-68,O-68-2,Working Finished,
573,S,J-69,O-69-2,Working Finished,
573,,J-68,,Ship Moved,
573,C4,J-68,O-68-3,Working Started,A
573,,J-69,,Ship Moved,
573,E6,J-69,O-69-3,Working Started,D
575,D5,J-65,O-65-3,Working Finished,B
575,D5,J-65,O-65-4,Working Started,A
579,B2,J-49,O-49-3,Working Finished,A
579,Sink,J-49,,Ship Delivered,
579,,J-49,,Ship Moved,
580,S,J-73,O-73-2,Working Finished,
580,,J-73,,Ship Moved,
580,E7,J-73,O-73-3,Working Started,D
581,C1,J-63,O-63-4,Working Finished,A
581,,J-63,,Ship Moved,
581,S,J-63,O-63-5,Working Started,
581,H2,J-67,O-67-3,Working Finished,C
581,H2,J-67,O-67-4,Working Started,C
581,B1,J-51,O-51-6,Working Finished,E
581,,J-51,,Ship Moved,
581,S,J-51,O-51-7,Working Started,
582,E1,J-80,O-80-1,Working Finished,C
582,,J-80,,Ship Moved,
582,S,J-80,O-80-2,Working Started,
582,E4,J-57,O-57-6,Working Finished,E
582,,J-57,,Ship Moved,
582,S,J-57,O-57-7,Working Started,
587,E8,J-54,O-54-6,Working Finished,E
587,,J-54,,Ship Moved,
587,S,J-54,O-54-7,Working Started,
591,D1,J-78,O-78-1,Working Finished,A
591,D1,J-78,O-78-2,Working Started,E
594,D3,J-42,O-42-8,Working Finished,A
594,Sink,J-42,,Ship Delivered,
594,,J-42,,Ship Moved,
595,E3,J-79,O-79-1,Working Finished,B
595,,J-79,,Ship Moved,
595,S,J-79,O-79-2,Working Started,
595,S,J-63,O-63-5,Working Finished,
595,,J-63,,Ship Moved,
595,E5,J-63,O-63-6,Working Started,E
596,C3,J-70,O-70-3,Working Finished,A
596,Sink,J-70,,Ship Delivered,
596,,J-70,,Ship Moved,
596,S,J-80,O-80-2,Working Finished,
596,,J-80,,Ship Moved,
596,A3,J-80,O-80-3,Working Started,A
598,A4,J-77,O-77-1,Working Finished,A
598,A4,J-77,O-77-2,Working Started,A
598,A1,J-74,O-74-3,Working Finished,B
598,Sink,J-74,,Ship Delivered,
598,,J-74,,Ship Moved,
601,E6,J-69,O-69-3,Working Finished,D
601,Sink,J-69,,Ship Delivered,
601,,J-69,,Ship Moved,
602,C4,J-68,O-68-3,Working Finished,A
602,Sink,J-68,,Ship Delivered,
602,,J-68,,Ship Moved,
603,G1,J-75,O-75-1,Working Finished,A
603,G1,J-75,O-75-2,Working Started,A
605,S,J-57,O-57-7,Working Finished,
605,,J-57,,Ship Moved,
605,D4,J-57,O-57-8,Working Started,A
606,E7,J-73,O-73-3,Working Finished,D
606,Sink,J-73,,Ship Delivered,
606,,J-73,,Ship Moved,
607,S,J-51,O-51-7,Working Finished,
607,D1,J-78,O-78-2,Working Finished,E
607,D1,J-78,O-78-3,Working Started,B
607,,J-51,,Ship Moved,
607,H1,J-51,O-51-8,Working Started,B
609,E5,J-63,O-63-6,Working Finished,E
609,,J-63,,Ship Moved,
609,S,J-63,O-63-7,Working Started,
613,H2,J-67,O-67-4,Working Finished,C
613,,J-67,,Ship Moved,
613,S,J-67,O-67-5,Working Started,
614,S,J-54,O-54-7,Working Finished,
614,,J-54,,Ship Moved,
614,B3,J-54,O-54-8,Working Started,A
616,D5,J-65,O-65-4,Working Finished,A
616,,J-65,,Ship Moved,
616,S,J-65,O-65-5,Working Started,
618,S,J-79,O-79-2,Working Finished,
618,A4,J-77,O-77-2,Working Finished,A
618,A4,J-77,O-77-3,Working Started,A
618,,J-79,,Ship Moved,
618,E3,J-79,O-79-3,Working Started,B
619,A3,J-80,O-80-3,Working Finished,A
619,Sink,J-80,,Ship Delivered,
619,,J-80,,Ship Moved,
622,D2,J-71,O-71-1,Working Finished,A
622,,J-71,,Ship Moved,
622,S,J-71,O-71-2,Working Started,
626,S,J-67,O-67-5,Working Finished,
626,,J-67,,Ship Moved,
626,C1,J-67,O-67-6,Working Started,E
629,G1,J-75,O-75-2,Working Finished,A
629,G1,J-75,O-75-3,Working Started,A
630,D4,J-57,O-57-8,Working Finished,A
630,Sink,J-57,,Ship Delivered,
630,,J-57,,Ship Moved,
630,S,J-63,O-63-7,Working Finished,
630,,J-63,,Ship Moved,
630,E7,J-63,O-63-8,Working Started,D
632,D1,J-78,O-78-3,Working Finished,B
632,D1,J-78,O-78-4,Working Started,A
632,S,J-65,O-65-5,Working Finished,
632,,J-65,,Ship Moved,
632,E5,J-65,O-65-6,Working Started,E
636,H1,J-51,O-51-8,Working Finished,B
636,Sink,J-51,,Ship Delivered,
636,,J-51,,Ship Moved,
639,C1,J-67,O-67-6,Working Finished,E
639,,J-67,,Ship Moved,
639,S,J-67,O-67-7,Working Started,
641,B3,J-54,O-54-8,Working Finished,A
641,Sink,J-54,,Ship Delivered,
641,,J-54,,Ship Moved,
644,S,J-71,O-71-2,Working Finished,
644,,J-71,,Ship Moved,
644,D3,J-71,O-71-3,Working Started,A
648,E5,J-65,O-65-6,Working Finished,E
648,,J-65,,Ship Moved,
648,S,J-65,O-65-7,Working Started,
649,A4,J-77,O-77-3,Working Finished,A
649,A4,J-77,O-77-4,Working Started,A
653,E3,J-79,O-79-3,Working Finished,B
653,Sink,J-79,,Ship Delivered,
653,,J-79,,Ship Moved,
654,E7,J-63,O-63-8,Working Finished,D
654,Sink,J-63,,Ship Delivered,
654,,J-63,,Ship Moved,
658,S,J-67,O-67-7,Working Finished,
658,,J-67,,Ship Moved,
658,C1,J-67,O-67-8,Working Started,A
659,D1,J-78,O-78-4,Working Finished,A
659,,J-78,,Ship Moved,
659,S,J-78,O-78-5,Working Started,
670,G1,J-75,O-75-3,Working Finished,A
670,G1,J-75,O-75-4,Working Started,A
670,S,J-78,O-78-5,Working Finished,
670,,J-78,,Ship Moved,
670,E3,J-78,O-78-6,Working Started,E
671,C2,J-76,O-76-1,Working Finished,A
671,,J-76,,Ship Moved,
671,S,J-76,O-76-2,Working Started,
673,S,J-65,O-65-7,Working Finished,
673,,J-65,,Ship Moved,
673,D1,J-65,O-65-8,Working Started,A
677,D3,J-71,O-71-3,Working Finished,A
677,Sink,J-71,,Ship Delivered,
677,,J-71,,Ship Moved,
679,C1,J-67,O-67-8,Working Finished,A
679,Sink,J-67,,Ship Delivered,
679,,J-67,,Ship Moved,
681,E3,J-78,O-78-6,Working Finished,E
681,,J-78,,Ship Moved,
681,S,J-78,O-78-7,Working Started,
683,A4,J-77,O-77-4,Working Finished,A
683,,J-77,,Ship Moved,
683,S,J-77,O-77-5,Working Started,
695,S,J-76,O-76-2,Working Finished,
695,,J-76,,Ship Moved,
695,C4,J-76,O-76-3,Working Started,A
696,S,J-77,O-77-5,Working Finished,
696,,J-77,,Ship Moved,
696,C2,J-77,O-77-6,Working Started,E
697,S,J-78,O-78-7,Working Finished,
697,,J-78,,Ship Moved,
697,E3,J-78,O-78-8,Working Started,D
698,D1,J-65,O-65-8,Working Finished,A
698,Sink,J-65,,Ship Delivered,
698,,J-65,,Ship Moved,
709,C2,J-77,O-77-6,Working Finished,E
709,,J-77,,Ship Moved,
709,S,J-77,O-77-7,Working Started,
714,G1,J-75,O-75-4,Working Finished,A
714,,J-75,,Ship Moved,
714,S,J-75,O-75-5,Working Started,
715,E3,J-78,O-78-8,Working Finished,D
715,Sink,J-78,,Ship Delivered,
715,,J-78,,Ship Moved,
729,S,J-77,O-77-7,Working Finished,
729,,J-77,,Ship Moved,
729,A3,J-77,O-77-8,Working Started,A
730,C4,J-76,O-76-3,Working Finished,A
730,Sink,J-76,,Ship Delivered,
730,,J-76,,Ship Moved,
731,S,J-75,O-75-5,Working Finished,
731,,J-75,,Ship Moved,
731,B3,J-75,O-75-6,Working Started,E
748,B3,J-75,O-75-6,Working Finished,E
748,,J-75,,Ship Moved,
748,S,J-75,O-75-7,Working Started,
751,A3,J-77,O-77-8,Working Finished,A
751,Sink,J-77,,Ship Delivered,
751,,J-77,,Ship Moved,
774,S,J-75,O-75-7,Working Finished,
774,,J-75,,Ship Moved,
774,A1,J-75,O-75-8,Working Started,B
802,A1,J-75,O-75-8,Working Finished,B
802,Sink,J-75,,Ship Delivered,
802,,J-75,,Ship Moved,